"pers_no","date","organizational_unit","location","pers_count","years"
10000012,2017-05-08,"Finished Products A Shift","Other",1,2017
10000066,2016-04-26,"Forming Services","Sydney",1,2016
10000081,2014-10-10,"Forming C Shift","Other",1,2014
10000082,2016-02-29,"Engineering","Sydney",1,2016
10000093,2012-10-09,"Forming B Shift","Other",1,2012
10000093,2012-10-09,"Forming D Shift","Other",1,2012
10000094,2017-04-10,"Finished Products C Shift","Other",1,2017
10000187,1986-09-03,"Administration","Brisbane",1,1986
10000187,1986-09-03,"Administration","Brisbane",1,1986
10000277,2001-02-15,"Engineering","Brisbane",1,2001
10000277,2001-02-15,"Engineering","Brisbane",1,2001
10000299,2010-06-11,"Temporary Resort","Sydney",1,2010
10000299,2010-06-11,"Temporary Resort","Sydney",1,2010
10000313,1990-04-17,"Administration","Brisbane",1,1990
10000313,1990-04-17,"Administration","Brisbane",1,1990
10000434,2006-12-04,"Electrical Inspection","Other",1,2006
10000434,2006-12-04,"Electrical Inspection","Sydney",1,2006
10000447,2008-04-03,"Engineering","Brisbane",1,2008
10000478,2008-12-09,"Purchasing","Brisbane",1,2008
10000505,2009-08-03,"Purchasing","Brisbane",1,2009
10000523,2010-02-02,"Sales","Brisbane",1,2010
10000523,2010-02-02,"Sales - Beer, Spirits, RTD & NAB","Brisbane",1,2010
10000533,2010-04-14,"Forming Services","Brisbane",1,2010
10000539,2010-06-11,"Temporary Resort","Sydney",1,2010
10000539,2010-06-11,"Temporary Resort","Sydney",1,2010
10000555,2011-04-04,"Administration","Brisbane",1,2011
10000555,2011-04-04,"Administration","Brisbane",1,2011
10000574,2011-08-01,"Logistics","Brisbane",1,2011
10000574,2011-08-01,"Supply Chain","Brisbane",1,2011
10000575,2011-08-22,"Finance","Brisbane",1,2011
10000577,2011-10-01,"Finance","Brisbane",1,2011
10000579,2018-08-13,"Finance","Brisbane",1,2018
10000579,2018-08-13,"Finance","Brisbane",1,2018
10000580,2012-01-01,"ACI Glass Packaging New Zealand","Brisbane",1,2012
10000581,2012-01-16,"Human Resources","Brisbane",1,2012
10000581,2012-01-16,"Human Resources","Brisbane",1,2012
10000584,2012-02-15,"Temporary Resort","Sydney",1,2012
10000585,2018-03-12,"Forming Services","Sydney",1,2018
10000587,2012-03-12,"Sales","Brisbane",1,2012
10000595,2016-05-23,"Machine Maintenance","Sydney",1,2016
10000598,2012-07-16,"Sales","Brisbane",1,2012
10000600,2012-08-13,"Marketing","Brisbane",1,2012
10000601,2012-08-28,"Temporary Resort","Sydney",1,2012
10000604,2012-09-17,"Purchasing","Brisbane",1,2012
10000609,2013-02-25,"Sales","Brisbane",1,2013
10000614,2013-04-02,"Finance","Brisbane",1,2013
10000615,2013-04-15,"Temporary Resort","Sydney",1,2013
10000615,2013-04-15,"Temporary Resort","Sydney",1,2013
10000616,2013-04-18,"Forming","Brisbane",1,2013
10000619,2013-05-13,"Sales","Brisbane",1,2013
10000623,2013-05-23,"Forming","Brisbane",1,2013
10000623,2013-05-23,"Forming","Brisbane",1,2013
10000626,2016-06-27,"Plant Maintenance","Sydney",1,2016
10000627,2013-07-15,"Sales","Brisbane",1,2013
10000627,2013-07-15,"Sales & Marketing","Brisbane",1,2013
10000627,2013-07-15,"Sales & Marketing","Brisbane",1,2013
10000627,2013-07-15,"Sales & Marketing","Brisbane",1,2013
10000627,2013-07-15,"Customer Service","Brisbane",1,2013
10000629,2013-08-25,"Finished Products D Shift","Other",1,2013
10000630,2013-09-04,"Forming Services","Sydney",1,2013
10000631,2013-09-16,"Plant Maintenance","Sydney",1,2013
10000632,2013-11-11,"Forming Services","Sydney",1,2013
10000633,2013-11-11,"Finished Products B Shift","Other",1,2013
10000634,2013-11-25,"Sales","Brisbane",1,2013
10000634,2015-04-15,"Purchasing","Brisbane",1,2015
10000635,2013-12-02,"Finished Products C Shift","Other",1,2013
10000636,2013-12-09,"Manufacturing","Brisbane",1,2013
10000636,2013-12-09,"Unit Plant Management","Brisbane",1,2013
10000637,2013-12-09,"Forming Services","Sydney",1,2013
10000638,2014-01-08,"Supply Chain","Other",1,2014
10000639,2014-01-28,"Marketing","Brisbane",1,2014
10000639,2014-01-28,"Sales & Marketing","Brisbane",1,2014
10000640,2014-02-03,"Supply Chain","Other",1,2014
10000642,2014-02-10,"Finished Products B Shift","Other",1,2014
10000644,2014-02-10,"Forming D Shift","Other",1,2014
10000645,2014-03-03,"Supply Chain","Brisbane",1,2014
10000646,2014-04-14,"Unit Plant Management","Brisbane",1,2014
10000646,2016-04-01,"Manufacturing","Brisbane",1,2016
10000646,2016-04-01,"Manufacturing","Brisbane",1,2016
10000647,2014-05-05,"Marketing","Brisbane",1,2014
10000648,2014-05-19,"Forming C Shift","Other",1,2014
10000649,2014-05-26,"Finished Products D Shift","Other",1,2014
10000650,2014-05-26,"Forming B Shift","Other",1,2014
10000651,2014-05-26,"Machine Maintenance","Sydney",1,2014
10000652,2014-05-26,"Manufacturing","Brisbane",1,2014
10000652,2014-05-26,"Administration","Brisbane",1,2014
10000653,2014-05-26,"Manufacturing","Brisbane",1,2014
10000653,2014-05-26,"Administration","Brisbane",1,2014
10000653,2014-05-26,"Administration","Brisbane",1,2014
10000653,2014-05-26,"Administration","Other",1,2014
10000654,2014-06-18,"Forming B Shift","Other",1,2014
10000655,2014-07-21,"Sales","Brisbane",1,2014
10000655,2014-07-21,"Sales & Marketing","Brisbane",1,2014
10000656,2014-07-28,"Plant Maintenance","Sydney",1,2014
10000657,2014-08-25,"Electrical","Sydney",1,2014
10000658,2014-09-01,"Marketing","Brisbane",1,2014
10000658,2014-09-01,"Sales - Wine, Food and Distributors","Brisbane",1,2014
10000658,2014-09-01,"Sales - Wine, Food and Distributors","Brisbane",1,2014
10000659,2014-09-08,"Finance","Brisbane",1,2014
10000660,2014-09-22,"Human Resources","Brisbane",1,2014
10000661,2014-11-03,"Temporary Resort","Sydney",1,2014
10000661,2014-11-03,"Temporary Resort","Sydney",1,2014
10000662,2014-11-03,"Temporary Resort","Sydney",1,2014
10000662,2014-11-03,"Temporary Resort","Sydney",1,2014
10000663,2014-11-03,"Temporary Resort","Sydney",1,2014
10000663,2014-11-03,"Temporary Resort","Sydney",1,2014
10000664,2015-01-05,"Temporary Resort","Sydney",1,2015
10000664,2019-06-23,"Finished Products D Shift","Other",1,2019
10000665,2015-01-27,"Forming Services","Sydney",1,2015
10000666,2015-03-02,"Customer Technical Services","Brisbane",1,2015
10000666,2015-03-02,"Customer Technical Services","Brisbane",1,2015
10000667,2015-03-16,"Temporary Resort","Sydney",1,2015
10000667,2015-03-16,"Temporary Resort","Sydney",1,2015
10000668,2015-04-13,"Forming","Brisbane",1,2015
10000668,2016-02-01,"Forming","Brisbane",1,2016
10000668,2016-02-01,"Forming","Brisbane",1,2016
10000669,2015-05-04,"Purchasing","Brisbane",1,2015
10000670,2015-06-15,"Temporary Resort","Sydney",1,2015
10000671,2015-06-22,"Temporary Resort","Sydney",1,2015
10000672,2015-06-29,"Supply Chain","Brisbane",1,2015
10000673,2015-07-06,"Forming Services","Other",1,2015
10000674,2015-07-09,"Supply Chain","Other",1,2015
10000675,2015-07-29,"Sales - Wine, Food and Distributors","Brisbane",1,2015
10000676,2015-08-24,"Sales - Beer, Spirits, RTD & NAB","Brisbane",1,2015
10000676,2015-08-24,"Sales - Beer, Spirits, RTD & NAB","Brisbane",1,2015
10000677,2015-09-03,"Sales - Wine, Food and Distributors","Brisbane",1,2015
10000677,2015-09-03,"Sales - Wine, Food and Distributors","Brisbane",1,2015
10000677,2015-09-03,"Sales","Brisbane",1,2015
10000678,2015-10-01,"Plant Maintenance","Brisbane",1,2015
10000678,2015-10-01,"Plant Maintenance","Brisbane",1,2015
10000679,2015-11-02,"Administration","Brisbane",1,2015
10000680,2015-11-10,"Temporary Resort","Sydney",1,2015
10000680,2016-07-18,"Temporary Resort","Sydney",1,2016
10000681,2015-11-16,"Forming C Shift","Other",1,2015
10000682,2015-12-07,"Forming","Brisbane",1,2015
10000682,2015-12-07,"Forming","Brisbane",1,2015
10000683,2016-01-05,"Electrical","Sydney",1,2016
10000684,2016-01-01,"ACI Glass Packaging New Zealand","Brisbane",1,2016
10000685,2016-01-18,"Supply Chain","Brisbane",1,2016
10000686,2016-01-25,"Sales & Marketing","Brisbane",1,2016
10000687,2016-01-25,"Electrical","Sydney",1,2016
10000687,2016-01-25,"Electrical Inspection","Sydney",1,2016
10000687,2016-01-25,"Electrical Inspection","Sydney",1,2016
10000688,2016-02-09,"Finished Products A Shift","Other",1,2016
10000689,2016-02-29,"Plant Maintenance","Sydney",1,2016
10000690,2016-03-01,"Temporary Resort","Sydney",1,2016
10000691,2016-03-07,"Forming","Brisbane",1,2016
10000691,2016-03-07,"Forming","Brisbane",1,2016
10000692,2016-03-07,"Electrical","Sydney",1,2016
10000693,2016-03-14,"Finance","Brisbane",1,2016
10000694,2016-04-08,"Temporary Resort","Sydney",1,2016
10000695,2016-04-04,"Purchasing","Brisbane",1,2016
10000696,2016-04-07,"Administration","Brisbane",1,2016
10000696,2016-04-07,"Administration","Brisbane",1,2016
10000697,2016-04-07,"Administration","Brisbane",1,2016
10000698,2016-04-08,"Temporary Resort","Sydney",1,2016
10000699,2016-04-18,"Temporary Resort","Sydney",1,2016
10000700,2016-04-18,"Temporary Resort","Sydney",1,2016
10000701,2016-04-26,"Finance","Brisbane",1,2016
10000701,2016-04-26,"Finance","Brisbane",1,2016
10000702,2016-05-16,"Human Resources","Brisbane",1,2016
10000703,2016-05-23,"Finished Products B Shift","Other",1,2016
10000704,2016-05-30,"Quality Control","Brisbane",1,2016
10000705,2016-05-30,"Human Resources","Brisbane",1,2016
10000706,2016-06-02,"Forming D Shift","Other",1,2016
10000707,2016-06-07,"Machine Maintenance","Sydney",1,2016
10000708,2016-06-20,"Electrical","Sydney",1,2016
10000709,2016-06-30,"Forming A Shift","Other",1,2016
10000710,2016-07-05,"Supply Chain","Brisbane",1,2016
10000710,2016-07-05,"Supply Chain","Brisbane",1,2016
10000710,2016-07-05,"Supply Chain","Brisbane",1,2016
10000711,2016-07-11,"Machine Maintenance","Brisbane",1,2016
10000711,2016-07-11,"Machine Maintenance","Brisbane",1,2016
10000712,2016-07-18,"Finished Products C Shift","Other",1,2016
10000713,2016-08-03,"Electrical","Brisbane",1,2016
10000713,2016-08-03,"Electrical","Brisbane",1,2016
10000713,2016-08-03,"Electrical Inspection","Brisbane",1,2016
10000714,2016-08-30,"Manufacturing","Brisbane",1,2016
10000715,2016-09-01,"Purchasing","Brisbane",1,2016
10000716,2016-09-01,"Sales & Marketing","Brisbane",1,2016
10000717,2016-09-12,"Manufacturing","Brisbane",1,2016
10000718,2016-09-12,"Forming C Shift","Other",1,2016
10000719,2016-09-26,"Finance","Brisbane",1,2016
10000720,2016-10-25,"Electrical","Sydney",1,2016
10000721,2016-10-17,"Customer Technical Services","Brisbane",1,2016
10000722,2016-11-21,"Plant Maintenance","Sydney",1,2016
10000723,2016-12-12,"Electrical","Brisbane",1,2016
10000723,2016-12-12,"Electrical","Brisbane",1,2016
10000724,2016-12-12,"Supply Chain","Brisbane",1,2016
10000724,2016-12-12,"Supply Chain","Brisbane",1,2016
10000725,2016-12-12,"Forming A Shift","Other",1,2016
10000726,2017-01-09,"Purchasing","Brisbane",1,2017
10000726,2017-01-09,"Purchasing","Brisbane",1,2017
10000726,2017-01-09,"Purchasing","Brisbane",1,2017
10000726,2017-01-09,"Purchasing","Brisbane",1,2017
10000727,2017-01-09,"Finished Products B Shift","Other",1,2017
10000728,2017-01-23,"Finance","Brisbane",1,2017
10000728,2017-01-23,"Finance","Brisbane",1,2017
10000729,2017-02-01,"Forming B Shift","Other",1,2017
10000730,2017-02-07,"Machine Maintenance","Sydney",1,2017
10000731,2017-02-07,"Machine Maintenance","Sydney",1,2017
10000732,2017-02-20,"Sales - Beer, Spirits, RTD & NAB","Brisbane",1,2017
10000733,2017-02-20,"Administration","Brisbane",1,2017
10000733,2017-02-20,"Administration","Brisbane",1,2017
10000734,2017-02-20,"Administration","Brisbane",1,2017
10000734,2017-02-20,"Administration","Brisbane",1,2017
10000735,2017-03-08,"Temporary Resort","Sydney",1,2017
10000736,2017-03-27,"Plant Maintenance","Sydney",1,2017
10000737,2017-03-27,"Temporary Resort","Sydney",1,2017
10000738,2017-04-01,"Quality Control","Brisbane",1,2017
10000738,2017-04-01,"Quality Control","Brisbane",1,2017
10000739,2017-04-10,"Forming","Brisbane",1,2017
10000739,2017-04-10,"Forming","Brisbane",1,2017
10000740,2017-04-11,"Finance","Brisbane",1,2017
10000740,2017-04-11,"Finance","Brisbane",1,2017
10000741,2017-04-10,"Temporary Resort","Sydney",1,2017
10000742,2017-04-19,"Manufacturing","Brisbane",1,2017
10000742,2017-04-19,"Manufacturing","Brisbane",1,2017
10000743,2017-05-08,"Sales & Marketing","Brisbane",1,2017
10000744,2017-05-08,"Electrical","Sydney",1,2017
10000745,2017-06-26,"Sales & Marketing","Brisbane",1,2017
10000745,2017-06-26,"Sales & Marketing","Brisbane",1,2017
10000745,2017-06-26,"Customer Service","Brisbane",1,2017
10000746,2017-07-03,"Machine Maintenance","Sydney",1,2017
10000747,2017-07-27,"Human Resources","Brisbane",1,2017
10000747,2017-07-27,"Human Resources","Brisbane",1,2017
10000748,2017-07-24,"Sales & Marketing","Other",1,2017
10000748,2017-10-16,"Sales & Marketing","Other",1,2017
10000748,2017-10-16,"Sales & Marketing","Other",1,2017
10000748,2017-10-16,"Sales & Marketing","Other",1,2017
10000748,2017-10-16,"Customer Service","Other",1,2017
10000749,2017-08-07,"Finance","Brisbane",1,2017
10000750,2017-08-07,"Plant Maintenance","Sydney",1,2017
10000751,2017-08-28,"Temporary Resort","Sydney",1,2017
10000751,2018-01-08,"Temporary Resort","Sydney",1,2018
10000752,2017-08-28,"Manufacturing","Brisbane",1,2017
10000752,2017-08-28,"Manufacturing","Brisbane",1,2017
10000753,2017-09-04,"Sales & Marketing","Brisbane",1,2017
10000754,2017-09-11,"Forming","Brisbane",1,2017
10000755,2017-09-11,"Machine Maintenance","Sydney",1,2017
10000756,2017-09-18,"Finished Products C Shift","Other",1,2017
10000757,2017-09-25,"Finished Products A Shift","Other",1,2017
10000758,2017-10-05,"Human Resources","Other",1,2017
10000759,2017-10-02,"Finance","Brisbane",1,2017
10000760,2017-10-09,"Sales - Wine, Food and Distributors","Brisbane",1,2017
10000760,2017-10-09,"Sales","Brisbane",1,2017
10000761,2014-04-01,"Administration","Brisbane",1,2014
10000762,2017-10-08,"Finished Products B Shift","Other",1,2017
10000763,2017-11-01,"Temporary Resort","Sydney",1,2017
10000764,2017-10-30,"Finance","Brisbane",1,2017
10000765,2017-11-06,"Finished Products D Shift","Other",1,2017
10000766,2017-11-20,"Temporary Resort","Sydney",1,2017
10000767,2017-12-11,"Manufacturing","Brisbane",1,2017
10000767,2017-12-11,"Manufacturing","Brisbane",1,2017
10000768,2017-12-11,"Finished Products B Shift","Other",1,2017
10000769,2017-12-18,"Finished Products D Shift","Other",1,2017
10000769,2017-12-18,"Finished Products C Shift","Other",1,2017
10000770,2018-01-22,"Forming B Shift","Other",1,2018
10000771,2018-02-05,"Customer Technical Services","Brisbane",1,2018
10000772,2018-02-12,"Manufacturing","Brisbane",1,2018
10000773,2018-02-19,"Finished Products D Shift","Other",1,2018
10000774,2018-03-05,"Forming B Shift","Other",1,2018
10000775,2018-04-03,"Forming A Shift","Other",1,2018
10000776,2018-04-03,"Job Change","Sydney",1,2018
10000777,2018-04-11,"Forming C Shift","Other",1,2018
10000777,2018-04-11,"Forming B Shift","Other",1,2018
10000778,2018-04-11,"Forming B Shift","Other",1,2018
10000779,2018-05-07,"Customer Service","Other",1,2018
10000780,2018-05-08,"Finance","Brisbane",1,2018
10000781,2018-05-08,"Finance","Brisbane",1,2018
10000782,2018-05-01,"Electrical","Sydney",1,2018
10000782,2018-05-01,"Electrical","Sydney",1,2018
10000783,2018-05-14,"Finance","Brisbane",1,2018
10000784,2018-05-15,"Temporary Resort","Sydney",1,2018
10000785,2018-06-05,"Sales","Brisbane",1,2018
10000786,2018-07-02,"Human Resources","Brisbane",1,2018
10000787,2018-06-28,"Forming D Shift","Other",1,2018
10000787,2018-06-28,"Forming C Shift","Other",1,2018
10000788,2018-07-06,"Forming B Shift","Other",1,2018
10000789,2018-08-06,"Forming Services","Sydney",1,2018
10000790,2018-08-13,"Job Change","Sydney",1,2018
10000791,2018-08-27,"Machine Maintenance","Sydney",1,2018
10000792,2018-09-02,"Forming B Shift","Other",1,2018
10000793,2018-09-03,"Customer Service","Brisbane",1,2018
10000794,2018-09-04,"Electrical Inspection","Sydney",1,2018
10000795,2018-09-10,"Job Change","Sydney",1,2018
10000796,2018-09-10,"Job Change","Sydney",1,2018
10000797,2018-09-17,"Electrical Inspection","Sydney",1,2018
10000798,2018-09-17,"Forming Services","Sydney",1,2018
10000799,2018-09-17,"Job Change","Sydney",1,2018
10000799,2018-09-17,"Plant Maintenance","Sydney",1,2018
10000800,2018-09-17,"Electrical Inspection","Sydney",1,2018
10000801,2018-10-08,"Job Change","Sydney",1,2018
10000802,2018-10-08,"Job Change","Sydney",1,2018
10000803,2018-10-15,"Forming C Shift","Other",1,2018
10000804,2018-10-16,"Job Change","Sydney",1,2018
10000805,2018-10-23,"Finished Products A Shift","Other",1,2018
10000806,2018-10-23,"Supply Chain","Brisbane",1,2018
10000807,2018-10-29,"Job Change","Sydney",1,2018
10000808,2018-11-26,"Temporary Resort","Sydney",1,2018
10000809,2018-12-03,"Electrical","Sydney",1,2018
10000810,2019-01-14,"Temporary Resort","Sydney",1,2019
10000811,2019-02-07,"Temporary Resort","Sydney",1,2019
10000812,2019-02-18,"Engineering","Brisbane",1,2019
10000813,2019-02-25,"Temporary Resort","Sydney",1,2019
10000814,2019-02-25,"Administration","Brisbane",1,2019
10000814,2019-02-25,"Administration","Brisbane",1,2019
10000815,2019-02-25,"Administration","Brisbane",1,2019
10000815,2019-02-25,"Administration","Brisbane",1,2019
10000816,2019-03-21,"Finance","Other",1,2019
10000817,2019-03-25,"Job Change","Sydney",1,2019
10000818,2019-03-25,"Job Change","Sydney",1,2019
10000819,2019-04-08,"Finance","Brisbane",1,2019
10000819,2019-04-08,"Finance","Brisbane",1,2019
10000820,2019-04-01,"Job Change","Sydney",1,2019
10000821,2019-04-01,"Finance","Other",1,2019
10000821,2019-04-01,"Finance","Other",1,2019
10000822,2019-04-30,"Finance","Other",1,2019
10000822,2019-04-30,"Finance","Other",1,2019
10000823,2019-05-06,"Unit Plant Management","Other",1,2019
10000824,2019-05-13,"Temporary Resort","Sydney",1,2019
10000825,2019-05-13,"Temporary Resort","Sydney",1,2019
10000826,2019-05-13,"Temporary Resort","Sydney",1,2019
10000827,2019-05-20,"Forming C Shift","Other",1,2019
10000828,2019-06-10,"Forming A Shift","Other",1,2019
10000829,2019-06-24,"Finished Products C Shift","Other",1,2019
10000830,2019-06-24,"Forming D Shift","Other",1,2019
2200,2002-09-02,"Electrical Engineering","Adelaide",1,2002
2253,2003-02-10,"Mould and IS Repair","Brisbane",1,2003
2253,2003-02-10,"Mould Repair","Brisbane",1,2003
2314,2004-11-27,"O-I Asia Pacific","Melbourne",1,2004
2314,2004-11-27,"Admin and Facilities O-I Asia Pacific","Melbourne",1,2004
2314,2004-11-27,"Admin and Facilities O-I Asia Pacific","Melbourne",1,2004
2357,2004-05-31,"Business Services","Adelaide",1,2004
2357,2004-05-31,"Plant Controls Adelaide","Adelaide",1,2004
2395,2004-11-01,"Business Services","Adelaide",1,2004
2439,2005-06-14,"Procurement","Adelaide",1,2005
2453,2005-08-22,"Human Resources","Brisbane",1,2005
2453,2005-08-22,"Human Resources Brisbane","Brisbane",1,2005
2493,2006-03-20,"Procurement","Melbourne",1,2006
2493,2006-03-20,"Procurement","Melbourne",1,2006
2493,2006-03-20,"Strategic Sourcing","Melbourne",1,2006
2493,2006-03-20,"Strategic Sourcing","Melbourne",1,2006
2494,2003-02-10,"Human Resources O-I Asia Pacific","Melbourne",1,2003
2494,2003-02-10,"Human Resources O-I Asia Pacific","Melbourne",1,2003
2497,2006-04-10,"ACL Printing","Sydney",1,2006
2538,2006-08-12,"ACL Printing","Sydney",1,2006
2655,2007-09-10,"Mechanical Engineering","Adelaide",1,2007
2655,2007-09-10,"Plant Maintenance","Adelaide",1,2007
2655,2007-09-10,"Maintenance","Adelaide",1,2007
2665,2007-10-22,"Distribution - South Australia","Adelaide",1,2007
2665,2007-10-22,"ANZ Logistics","Adelaide",1,2007
2682,2007-12-19,"Electrical Services","Brisbane",1,2007
2682,2007-12-19,"Electrical Services","Brisbane",1,2007
2682,2007-12-19,"Electrical Services","Brisbane",1,2007
2714,2008-03-17,"O-I Asia Pacific","Melbourne",1,2008
2714,2008-03-17,"Admin and Facilities O-I Asia Pacific","Melbourne",1,2008
2714,2008-03-17,"Admin and Facilities O-I Asia Pacific","Melbourne",1,2008
2811,2008-11-10,"Human Resources","Sydney",1,2008
2817,2008-12-22,"Engineering Services","Melbourne",1,2008
2817,2008-12-22,"Plant Reliability","Melbourne",1,2008
2817,2008-12-22,"Electrical Maintenance","Melbourne",1,2008
2826,2009-01-19,"Business Services","Sydney",1,2009
2826,2009-01-19,"Business Services","Sydney",1,2009
2831,2009-02-02,"Commercial Accounting","Melbourne",1,2009
2877,2009-11-11,"Beer Segment O-I Australia","Melbourne",1,2009
2881,2009-11-11,"Wine Segment","Adelaide",1,2009
2901,2010-03-01,"Engineering","Brisbane",1,2010
2915,2010-04-19,"Business Services","Brisbane",1,2010
2946,2010-06-21,"Manufacturing","Sydney",1,2010
2953,2010-07-12,"Customer Technical Services Australia","Other",1,2010
2953,2010-07-12,"Customer Technical Services Australia","Other",1,2010
2963,2010-08-23,"Information Technology","Melbourne",1,2010
2981,2010-10-04,"Engineering Services","Melbourne",1,2010
2981,2010-10-04,"Plant Reliability","Melbourne",1,2010
2985,2010-10-25,"Business Services","Sydney",1,2010
2990,2010-12-06,"Human Resources O-I Asia Pacific","Melbourne",1,2010
3011,2011-01-17,"Procurement","Melbourne",1,2011
3018,2011-02-07,"A Shift","Sydney",1,2011
3035,2011-03-28,"Mould Repair","Sydney",1,2011
3038,2011-04-11,"Information Technology","Melbourne",1,2011
3047,2011-05-02,"New Product Development","Melbourne",1,2011
3052,2011-05-16,"Marketing Australia","Melbourne",1,2011
3065,2011-07-04,"Integrated Systems and Risk","Brisbane",1,2011
3071,2011-07-18,"Wine Segment","Sydney",1,2011
3073,2011-08-08,"Applications","Melbourne",1,2011
3081,2011-08-22,"New Product Development","Melbourne",1,2011
3085,2011-09-19,"Beer Segment O-I Australia","Melbourne",1,2011
3085,2011-09-19,"Beer Segment O-I Australia","Melbourne",1,2011
3085,2011-09-19,"Sales & Marketing O-I Australia","Melbourne",1,2011
3085,2011-09-19,"Sales & Marketing O-I Australia","Melbourne",1,2011
3087,2011-10-24,"Supply Chain","Melbourne",1,2011
3092,2011-12-05,"Plant Mechanical Sydney","Sydney",1,2011
3092,2011-12-05,"Plant Mechanical Sydney","Sydney",1,2011
3094,2012-01-03,"Batch & Furnace","Sydney",1,2012
3102,2012-03-01,"Procurement","Melbourne",1,2012
3104,2012-03-12,"Monthly Reporting and Planning","Melbourne",1,2012
3104,2012-03-12,"Financial Planning and Analysis","Melbourne",1,2012
3104,2012-03-12,"Financial Planning and Analysis","Melbourne",1,2012
3107,2012-04-01,"Mould Repair","Sydney",1,2012
3107,2012-04-01,"Quality Services","Sydney",1,2012
3107,2012-04-01,"Quality Services Sydney","Sydney",1,2012
3109,2012-03-26,"Procurement","Melbourne",1,2012
3111,2012-05-07,"Service Desk AP","Melbourne",1,2012
3117,2012-05-28,"Applications","Melbourne",1,2012
3118,2012-06-01,"Mould Repair","Melbourne",1,2012
3121,2012-07-01,"O-I Asia Pacific","Melbourne",1,2012
3122,2012-07-16,"Business Services","Brisbane",1,2012
3123,2012-08-06,"Monthly Reporting and Planning","Melbourne",1,2012
3128,2012-09-01,"Shared Services","Melbourne",1,2012
3129,2012-09-03,"Batch and Furnace","Adelaide",1,2012
3137,2012-09-18,"Human Resources O-I Asia Pacific","Melbourne",1,2012
3138,2012-10-21,"Service Desk AP","Melbourne",1,2012
3140,2012-10-22,"Distribution","Melbourne",1,2012
3140,2012-10-22,"Distribution","Melbourne",1,2012
3148,2012-11-26,"Business Services","Melbourne",1,2012
3149,2012-11-26,"Shared Services","Melbourne",1,2012
3150,2012-11-12,"Procurement","Melbourne",1,2012
3155,2013-01-07,"Distribution - Queensland","Brisbane",1,2013
3157,2013-01-14,"Distribution","Sydney",1,2013
3159,2013-01-14,"Sales & Marketing O-I Australia","Melbourne",1,2013
3159,2013-01-14,"Sales & Marketing O-I Australia","Melbourne",1,2013
3159,2013-01-14,"Sales & Marketing O-I Australia","Melbourne",1,2013
3160,2013-01-14,"Shared Services","Melbourne",1,2013
3162,2013-02-01,"Business Services","Adelaide",1,2013
3163,2013-02-22,"Shared Services","Melbourne",1,2013
3164,2013-02-25,"Business Services","Adelaide",1,2013
3164,2013-02-25,"Strategic Sourcing and Demand","Adelaide",1,2013
3164,2013-02-25,"Plant Controls Adelaide","Adelaide",1,2013
3166,2013-04-08,"Business Services","Melbourne",1,2013
3167,2013-03-25,"Occupational Health & Safety","Sydney",1,2013
3167,2013-03-25,"Occupational Health & Safety","Sydney",1,2013
3169,2013-04-29,"New Product Development","Melbourne",1,2013
3171,2013-05-07,"Regional Integrated Operations","Melbourne",1,2013
3172,2013-05-06,"Distribution - Queensland","Brisbane",1,2013
3175,2013-06-24,"Human Resources","Brisbane",1,2013
3177,2013-06-17,"Procurement","Melbourne",1,2013
3178,2013-07-01,"Beer Segment O-I Australia","Melbourne",1,2013
3180,2013-07-04,"Monthly Reporting and Planning","Melbourne",1,2013
3181,2013-07-15,"Integrates Systems and Risk D Shift","Melbourne",1,2013
3181,2013-07-15,"Integrates Systems and Risk D Shift","Melbourne",1,2013
3181,2013-07-15,"Pack Centre","Melbourne",1,2013
3181,2013-07-15,"Pack Centre","Melbourne",1,2013
3182,2013-07-29,"Mould Repair","Adelaide",1,2013
3183,2013-07-29,"Mould Repair","Adelaide",1,2013
3184,2013-07-29,"A Shift","Adelaide",1,2013
3187,2013-07-15,"Monthly Reporting and Planning","Melbourne",1,2013
3188,2013-07-16,"Pricing","Melbourne",1,2013
3190,2013-08-19,"Job Change","Adelaide",1,2013
3192,2013-08-19,"Job Change","Adelaide",1,2013
3193,2013-08-19,"Job Change","Adelaide",1,2013
3195,2013-08-19,"Job Change","Adelaide",1,2013
3196,2013-08-19,"Mould Repair","Adelaide",1,2013
3196,2013-08-19,"Mould and Machine Maintenance","Adelaide",1,2013
3196,2013-08-19,"Mould Repair","Adelaide",1,2013
3198,2013-08-29,"National Planning","Melbourne",1,2013
3198,2013-08-29,"National Planning","Melbourne",1,2013
3198,2013-08-29,"ANZ Planning","Melbourne",1,2013
3198,2013-08-29,"ANZ Planning","Melbourne",1,2013
3200,2013-09-30,"Electrical Services","Brisbane",1,2013
3202,2013-09-02,"Regional Integrated Operations","Melbourne",1,2013
3203,2013-10-21,"Regional Integrated Operations","Melbourne",1,2013
3204,2013-10-01,"Business Services","Brisbane",1,2013
3204,2013-10-01,"Plant Controls","Brisbane",1,2013
3205,2013-10-07,"Commercial","Melbourne",1,2013
3207,2013-10-21,"Electrical Services","Brisbane",1,2013
3207,2013-10-21,"Electrical Services","Brisbane",1,2013
3208,2013-11-04,"Electrical Services","Brisbane",1,2013
3209,2013-11-04,"Electrical Services","Brisbane",1,2013
3209,2013-11-04,"Electrical Services","Brisbane",1,2013
3210,2013-11-06,"Human Resources O-I Asia Pacific","Melbourne",1,2013
3210,2013-11-06,"National Payroll","Melbourne",1,2013
3210,2013-11-06,"National Payroll","Melbourne",1,2013
3212,2013-11-18,"Beer Segment O-I Australia","Melbourne",1,2013
3213,2013-11-25,"Integrated Systems and Risk","Brisbane",1,2013
3213,2013-11-25,"EH&S","Brisbane",1,2013
3213,2013-11-25,"EH&S Brisbane","Brisbane",1,2013
3213,2013-11-25,"EH&S Brisbane","Brisbane",1,2013
3214,2013-12-04,"C Shift","Adelaide",1,2013
3215,2013-12-04,"E Shift","Adelaide",1,2013
3216,2013-12-04,"D Shift","Adelaide",1,2013
3217,2014-01-07,"Human Resources O-I Asia Pacific","Melbourne",1,2014
3218,2014-01-07,"Plant Reliability","Brisbane",1,2014
3218,2014-01-07,"Plant Reliability","Brisbane",1,2014
3219,2013-12-19,"Human Resources","Sydney",1,2013
3220,2014-01-13,"Commercial","Melbourne",1,2014
3221,2014-01-20,"Commercial Accounting","Melbourne",1,2014
3222,2014-01-20,"Business Services","Brisbane",1,2014
3223,2014-01-23,"Engineering","Adelaide",1,2014
3223,2014-01-23,"Plant Reliability","Adelaide",1,2014
3224,2014-01-28,"Shared Services","Melbourne",1,2014
3224,2014-01-28,"Shared Services","Melbourne",1,2014
3225,2014-01-28,"O-I Melbourne Plant","Melbourne",1,2014
3226,2014-01-28,"O-I Adelaide Plant","Adelaide",1,2014
3227,2014-02-10,"D Shift","Adelaide",1,2014
3228,2014-02-12,"Electrical Services","Brisbane",1,2014
3229,2014-01-27,"Commercial","Melbourne",1,2014
3229,2014-01-27,"Commercial","Melbourne",1,2014
3229,2014-01-27,"Commercial","Melbourne",1,2014
3229,2014-01-27,"Commercial","Melbourne",1,2014
3229,2014-01-27,"Commercial","Melbourne",1,2014
3229,2014-01-27,"Commercial","Melbourne",1,2014
3229,2014-01-27,"O-I Asia Pacific","Melbourne",1,2014
3230,2014-03-01,"Integrated Systems and Risk","Melbourne",1,2014
3231,2014-02-10,"O-I Brisbane Plant","Brisbane",1,2014
3231,2014-02-10,"Human Resources","Brisbane",1,2014
3232,2014-02-24,"National Planning","Melbourne",1,2014
3233,2014-02-19,"Commercial Accounting","Melbourne",1,2014
3234,2014-02-24,"Plant Electrical Sydney","Sydney",1,2014
3234,2014-02-24,"ELECTRICIAN","Sydney",1,2014
3235,2014-03-17,"National Planning","Adelaide",1,2014
3237,2014-03-17,"ELECTRICAL PROCESS CONTROL MANAGER","Sydney",1,2014
3238,2014-03-31,"Sales & Marketing","Melbourne",1,2014
3238,2014-03-31,"Sales & Marketing","Melbourne",1,2014
3239,2014-04-01,"Plant Engineering","Melbourne",1,2014
3240,2014-04-07,"O-I Sydney Plant","Sydney",1,2014
3241,2014-04-07,"ELECTRICIAN C6","Sydney",1,2014
3241,2014-04-07,"Plant Electrical Sydney","Sydney",1,2014
3242,2014-04-09,"Mould Repair","Brisbane",1,2014
3243,2014-05-05,"Job Change","Adelaide",1,2014
3244,2014-04-21,"UPM","Adelaide",1,2014
3244,2014-04-21,"Plant Reliability","Adelaide",1,2014
3245,2014-04-18,"Commercial","Melbourne",1,2014
3246,2014-04-28,"Human Resources","Adelaide",1,2014
3247,2014-04-28,"Global Operations Support Centre","Melbourne",1,2014
3247,2014-04-28,"Global Operations Support Centre","Melbourne",1,2014
3247,2014-04-28,"Manufacturing and Engineering O-I AP","Melbourne",1,2014
3247,2014-04-28,"Manufacturing and Engineering O-I AP","Melbourne",1,2014
3248,2014-05-19,"Maintenance Day Trades","Melbourne",1,2014
3249,2014-05-12,"Human Resources","Sydney",1,2014
3249,2014-05-12,"Human Resources Business Partnering","Sydney",1,2014
3250,2014-05-19,"","Melbourne",1,2014
3250,2014-05-19,"Regional Integrated Operations","Melbourne",1,2014
3251,2014-06-02,"Human Resources","Melbourne",1,2014
3251,2014-06-02,"Human Resources","Melbourne",1,2014
3252,2014-06-02,"Sales & Marketing O-I Australia","Melbourne",1,2014
3253,2014-06-02,"Sales & Marketing O-I Australia","Melbourne",1,2014
3253,2014-06-02,"Sales & Marketing O-I Australia","Melbourne",1,2014
3254,2014-06-10,"Operational Advancement","Melbourne",1,2014
3255,2014-06-10,"Monthly Reporting and Planning","Melbourne",1,2014
3255,2014-06-10,"Monthly Reporting and Planning","Melbourne",1,2014
3256,2014-06-02,"Mould Repair","Brisbane",1,2014
3257,2014-06-16,"Electrical Services","Brisbane",1,2014
3258,2014-06-16,"Electrical Services","Brisbane",1,2014
3259,2014-05-26,"Integrated Systems and Risk","Brisbane",1,2014
3260,2014-06-16,"Procurement","Melbourne",1,2014
3261,2014-07-07,"Plant Reliability","Adelaide",1,2014
3262,2014-06-30,"Procurement","Adelaide",1,2014
3263,2014-07-07,"Distribution - Queensland","Brisbane",1,2014
3263,2014-07-07,"Distribution - Queensland","Brisbane",1,2014
3264,2014-07-08,"Customer Services","Melbourne",1,2014
3264,2014-07-08,"Customer Services","Melbourne",1,2014
3264,2014-07-08,"Quantum_OTC","Melbourne",1,2014
3265,2014-08-04,"Distribution - Queensland","Brisbane",1,2014
3265,2014-08-04,"Distribution - Queensland","Brisbane",1,2014
3266,2014-07-21,"Corporate Accounting","Melbourne",1,2014
3266,2014-07-21,"Corporate Accounting","Melbourne",1,2014
3267,2014-07-21,"New Product Development","Melbourne",1,2014
3268,2014-08-11,"Business Planning","Melbourne",1,2014
3268,2014-08-11,"Business Planning","Melbourne",1,2014
3268,2014-08-11,"Business Planning","Melbourne",1,2014
3269,2014-08-11,"IS Repair","Melbourne",1,2014
3270,2014-08-25,"Integrated Systems and Risk","Brisbane",1,2014
3271,2014-08-25,"UPM4 D Shift","Melbourne",1,2014
3272,2014-07-28,"Service Desk AP","Melbourne",1,2014
3273,2014-09-08,"Human Resources","Sydney",1,2014
3273,2014-09-08,"Human Resources O-I Asia Pacific","Sydney",1,2014
3274,2014-08-20,"Integrated Systems & Risk","Adelaide",1,2014
3275,2014-09-08,"General Maintenace","Melbourne",1,2014
3276,2014-09-08,"General Maintenace","Melbourne",1,2014
3276,2014-09-08,"General Maintenace","Melbourne",1,2014
3276,2014-09-08,"General Maintenace","Melbourne",1,2014
3277,2014-09-08,"General Maintenace","Melbourne",1,2014
3277,2014-09-08,"General Maintenace","Melbourne",1,2014
3278,2014-09-03,"Commercial","Melbourne",1,2014
3278,2014-09-03,"Commercial","Melbourne",1,2014
3278,2014-09-03,"Commercial","Melbourne",1,2014
3278,2014-09-03,"Shared Services","Melbourne",1,2014
3279,2014-09-22,"Plant Reliability","Brisbane",1,2014
3279,2014-09-22,"Plant Reliability","Brisbane",1,2014
3280,2014-09-29,"Human Resources","Melbourne",1,2014
3281,2014-10-07,"Electrical Services","Brisbane",1,2014
3281,2014-10-07,"Inspection & Packaging Engineering","Brisbane",1,2014
3281,2014-10-07,"Inspection & Packaging Engineering","Brisbane",1,2014
3282,2014-10-13,"General Maintenace","Melbourne",1,2014
3282,2014-10-13,"General Maintenace","Melbourne",1,2014
3282,2014-10-13,"IS Repair","Melbourne",1,2014
3283,2014-10-13,"Electrical Maintenance","Melbourne",1,2014
3284,2014-10-01,"Operational Advancement","Melbourne",1,2014
3285,2014-10-20,"Electrical Services","Brisbane",1,2014
3286,2014-10-20,"Mould Repair","Brisbane",1,2014
3287,2014-11-03,"Human Resources","Brisbane",1,2014
3288,2014-11-03,"Integrated Systems and Risk","Melbourne",1,2014
3290,2014-10-20,"Plant Reliability","Melbourne",1,2014
3291,2014-11-10,"Business Services","Brisbane",1,2014
3292,2014-11-13,"Commercial Accounting","Melbourne",1,2014
3293,2014-12-01,"Electrical Services","Brisbane",1,2014
3293,2014-12-01,"Inspection & Packaging Engineering","Brisbane",1,2014
3293,2014-12-01,"Inspection & Packaging Engineering","Brisbane",1,2014
3294,2014-12-15,"Integrated Systems and Risk","Brisbane",1,2014
3295,2014-12-15,"Pack Centre","Melbourne",1,2014
3295,2014-12-15,"Integrates Systems and Risk C Shift","Melbourne",1,2014
3296,2014-12-15,"Mould Repair","Sydney",1,2014
3298,2015-01-05,"Inspection & Packaging Engineering","Brisbane",1,2015
3299,2015-01-19,"Plant Reliability Sydney","Sydney",1,2015
3301,2015-02-02,"Mould Repair","Brisbane",1,2015
3302,2015-02-02,"Forming Job Change","Sydney",1,2015
3303,2015-01-28,"Supply Chain","Melbourne",1,2015
3304,2015-02-02,"O-I Australia","Melbourne",1,2015
3304,2015-02-02,"Sales & Marketing O-I Australia","Melbourne",1,2015
3304,2015-02-02,"","Melbourne",1,2015
3305,2015-02-02,"Batch & Furnace","Melbourne",1,2015
3307,2015-02-16,"B Shift","Brisbane",1,2015
3308,2015-03-01,"Applications","Adelaide",1,2015
3308,2015-03-01,"Information Technology O-I AP","Adelaide",1,2015
3308,2015-03-01,"IT Operations","Adelaide",1,2015
3309,2015-02-27,"Mould Repair","Sydney",1,2015
3310,2015-03-09,"","Sydney",1,2015
3310,2015-03-09,"Plant Mechanical Sydney","Sydney",1,2015
3311,2015-03-11,"Mould Repair","Melbourne",1,2015
3312,2015-03-11,"Human Resources","Brisbane",1,2015
3312,2015-03-11,"Human Resources Brisbane","Brisbane",1,2015
3313,2015-03-23,"Plant Reliability","Brisbane",1,2015
3314,2015-03-23,"Forming Maintenance","Brisbane",1,2015
3315,2015-03-23,"Mould Repair","Brisbane",1,2015
3316,2015-04-07,"Batch & Furnace","Brisbane",1,2015
3317,2015-04-08,"Electrical Maintenance","Melbourne",1,2015
3318,2015-01-16,"Occupational Health & Safety","Melbourne",1,2015
3319,2015-04-07,"Plant Mechanical Maintenance","Brisbane",1,2015
3321,2015-04-07,"Forming Maintenance","Brisbane",1,2015
3322,2015-04-15,"Applications","Melbourne",1,2015
3323,2015-05-04,"Monthly Reporting and Planning","Melbourne",1,2015
3324,2015-04-27,"Distribution - Queensland","Brisbane",1,2015
3325,2015-04-27,"Distribution - Queensland","Brisbane",1,2015
3326,2015-04-27,"Inspection & Packaging Engineering","Brisbane",1,2015
3327,2015-05-04,"Distribution - Queensland","Brisbane",1,2015
3328,2015-05-25,"Unit Plant QG1","Brisbane",1,2015
3329,2015-05-25,"","Brisbane",1,2015
3330,2015-05-18,"Plant Reliability","Brisbane",1,2015
3330,2015-05-18,"Production Support","Brisbane",1,2015
3331,2015-05-11,"Monthly Reporting and Planning","Melbourne",1,2015
3331,2015-05-11,"Monthly Reporting and Planning","Melbourne",1,2015
3331,2015-05-11,"Australian Financial Operations","Melbourne",1,2015
3331,2015-05-11,"Monthly Reporting and Planning","Melbourne",1,2015
3332,2015-06-01,"Food & NAB Segment","Sydney",1,2015
3332,2015-06-01,"Food & NAB Segment","Sydney",1,2015
3332,2015-06-01,"Sales & Marketing O-I Australia","Sydney",1,2015
3334,2015-07-06,"Plant Reliability","Brisbane",1,2015
3335,2015-07-06,"Sales & Marketing O-I Australia","Melbourne",1,2015
3336,2015-07-06,"","Brisbane",1,2015
3336,2015-07-06,"Brisbane Cullet Pty Ltd","Brisbane",1,2015
3336,2015-07-06,"","Brisbane",1,2015
3337,2015-07-15,"Procurement","Melbourne",1,2015
3338,2015-07-20,"Commercial","Melbourne",1,2015
3339,2015-07-28,"Commercial Accounting","Melbourne",1,2015
3339,2015-07-28,"Commercial Accounting","Melbourne",1,2015
3339,2015-07-28,"Commercial Accounting","Melbourne",1,2015
3339,2015-07-28,"Management Accounting","Melbourne",1,2015
3339,2015-07-28,"Project Quantum","Melbourne",1,2015
3339,2015-07-28,"Quantum_RTR","Melbourne",1,2015
3340,2015-08-03,"Applications","Melbourne",1,2015
3340,2015-08-03,"Applications","Melbourne",1,2015
3340,2015-08-03,"IT Operations","Melbourne",1,2015
3341,2015-07-29,"","Brisbane",1,2015
3341,2015-07-29,"Brisbane Cullet Pty Ltd","Brisbane",1,2015
3341,2015-07-29,"Cullet Operations","Brisbane",1,2015
3341,2015-07-29,"Brisbane Cullet","Brisbane",1,2015
3343,2015-09-07,"Distribution","Sydney",1,2015
3343,2015-09-07,"ANZ Logistics","Sydney",1,2015
3344,2015-09-01,"Business Services","Sydney",1,2015
3344,2015-09-01,"Business Services","Sydney",1,2015
3344,2015-09-01,"Business Services","Sydney",1,2015
3344,2015-09-01,"Human Resources Business Partnering","Sydney",1,2015
3344,2015-09-01,"Human Resources","Sydney",1,2015
3345,2015-09-01,"Production Support","Brisbane",1,2015
3346,2015-09-01,"UPM QG3","Brisbane",1,2015
3346,2015-09-01,"UPM QG3","Brisbane",1,2015
3347,2015-09-14,"Business Services","Adelaide",1,2015
3348,2015-09-21,"Batch & Furnace","Melbourne",1,2015
3349,2015-10-06,"Business Services","Adelaide",1,2015
3350,2015-09-28,"O-I Melbourne Plant","Melbourne",1,2015
3350,2015-09-28,"Batch & Furnace","Melbourne",1,2015
3351,2015-09-14,"UPM3","Melbourne",1,2015
3351,2015-09-14,"Manufacturing","Melbourne",1,2015
3352,2015-10-06,"Facilities Advancement","Melbourne",1,2015
3353,2015-10-06,"Human Resources O-I Asia Pacific","Melbourne",1,2015
3353,2015-10-06,"Human Resources O-I Asia Pacific","Melbourne",1,2015
3353,2015-10-06,"Human Resources O-I Asia Pacific","Melbourne",1,2015
3354,2015-09-21,"Plant Reliability","Melbourne",1,2015
3355,2015-10-19,"Forming Maintenance","Brisbane",1,2015
3356,2015-10-19,"Distribution - Queensland","Brisbane",1,2015
3357,2015-10-19,"UPM3 C Shift","Melbourne",1,2015
3358,2015-10-26,"Pack Centre","Melbourne",1,2015
3359,2015-09-16,"Commercial","Melbourne",1,2015
3359,2015-09-16,"Commercial","Melbourne",1,2015
3359,2015-09-16,"Commercial Accounting","Melbourne",1,2015
3359,2015-09-16,"Commercial Accounting","Melbourne",1,2015
3359,2015-09-16,"Commercial Accounting","Melbourne",1,2015
3359,2015-09-16,"Shared Services","Melbourne",1,2015
3359,2015-09-16,"Project Quantum","Melbourne",1,2015
3359,2015-09-16,"Quantum_RTR","Melbourne",1,2015
3361,2015-10-05,"Shared Services","Melbourne",1,2015
3361,2015-10-05,"Shared Services","Melbourne",1,2015
3361,2015-10-05,"Accounts Payable","Melbourne",1,2015
3362,2015-09-30,"Business Services","Brisbane",1,2015
3362,2015-09-30,"Human Resources","Brisbane",1,2015
3363,2015-10-05,"Plant Engineering","Melbourne",1,2015
3363,2015-10-05,"Electrical Engineering","Melbourne",1,2015
3364,2015-10-12,"O-I Sydney Plant","Sydney",1,2015
3364,2015-10-12,"MISC - Cleanup","Sydney",1,2015
3365,2015-10-12,"Service Desk AP","Melbourne",1,2015
3366,2015-10-19,"Human Resources O-I Asia Pacific","Melbourne",1,2015
3366,2015-10-19,"Human Resources O-I Asia Pacific","Melbourne",1,2015
3366,2015-10-19,"Human Resources O-I Asia Pacific","Melbourne",1,2015
3367,2015-06-01,"O-I Australia","Melbourne",1,2015
3367,2015-06-01,"O-I Australia","Melbourne",1,2015
3368,2015-11-02,"National Planning","Adelaide",1,2015
3368,2015-11-02,"National Planning","Adelaide",1,2015
3368,2015-11-02,"ANZ Planning","Adelaide",1,2015
3369,2015-11-09,"Procurement","Melbourne",1,2015
3370,2015-11-09,"Plant Engineering","Melbourne",1,2015
3370,2015-11-09,"Mechanical Engineering","Melbourne",1,2015
3371,2015-11-23,"Plant Reliability","Brisbane",1,2015
3372,2015-11-12,"Monthly Reporting and Planning","Melbourne",1,2015
3373,2015-11-16,"Business Services","Sydney",1,2015
3373,2015-11-16,"Commercial Logistics","Sydney",1,2015
3373,2015-11-16,"Procurement Administration","Sydney",1,2015
3373,2015-11-16,"Procurement Administration","Sydney",1,2015
3374,2015-12-01,"Operational Advancement","Melbourne",1,2015
3375,2015-12-01,"Operational Advancement","Melbourne",1,2015
3377,2016-01-11,"Mould Repair","Sydney",1,2016
3378,2016-01-11,"Human Resources","Brisbane",1,2016
3378,2016-01-11,"Human Resources Brisbane","Brisbane",1,2016
3379,2016-01-04,"Distribution - Queensland","Brisbane",1,2016
3380,2016-01-04,"Business Services","Sydney",1,2016
3380,2016-01-04,"Business Services","Sydney",1,2016
3380,2016-01-04,"Plant Controls Sydney","Sydney",1,2016
3381,2016-01-11,"Plant Reliability Sydney","Sydney",1,2016
3383,2016-02-01,"Pack Centre","Melbourne",1,2016
3384,2016-02-01,"Pack Centre","Melbourne",1,2016
3385,2016-01-18,"Regional Quality","Adelaide",1,2016
3386,2016-02-01,"Wine Segment","Adelaide",1,2016
3387,2016-02-08,"O-I Adelaide Plant","Adelaide",1,2016
3388,2016-02-01,"Integrated Systems and Risk","Melbourne",1,2016
3388,2016-02-01,"Shift D","Melbourne",1,2016
3388,2016-02-01,"Shift D","Melbourne",1,2016
3389,2016-02-01,"Manufacturing","Sydney",1,2016
3389,2016-02-01,"Manufacturing","Sydney",1,2016
3390,2016-02-01,"Business Planning","Melbourne",1,2016
3390,2016-02-01,"Business Planning","Melbourne",1,2016
3391,2016-02-15,"Pack Centre","Melbourne",1,2016
3391,2016-02-15,"Shift E","Melbourne",1,2016
3392,2016-02-22,"A Shift","Brisbane",1,2016
3393,2016-02-24,"Integrated Systems and Risk","Brisbane",1,2016
3393,2016-02-24,"EH&S","Brisbane",1,2016
3393,2016-02-24,"EH&S Brisbane","Brisbane",1,2016
3394,2016-03-15,"Human Resources O-I Asia Pacific","Melbourne",1,2016
3394,2016-03-15,"Human Resources O-I Asia Pacific","Melbourne",1,2016
3394,2016-03-15,"Human Resources Operations","Melbourne",1,2016
3394,2016-03-15,"Human Resources Operations","Melbourne",1,2016
3394,2016-03-15,"Award & HRIS","Melbourne",1,2016
3394,2016-03-15,"Reward & HRIS","Melbourne",1,2016
3395,2016-03-21,"Human Resources O-I Asia Pacific","Melbourne",1,2016
3396,2016-03-21,"Service Desk AP","Melbourne",1,2016
3396,2016-03-21,"IT Operations","Melbourne",1,2016
3397,2016-03-21,"Occupational Health & Safety","Melbourne",1,2016
3397,2016-03-21,"Occupational Health & Safety","Melbourne",1,2016
3398,2016-04-04,"UPM4 C Shift","Melbourne",1,2016
3398,2016-04-04,"UPM3 A Shift","Melbourne",1,2016
3399,2016-04-01,"Regional Integrated Operations","Melbourne",1,2016
3400,2016-03-21,"Occupational Health & Safety","Sydney",1,2016
3400,2016-03-21,"Occupational Health & Safety","Sydney",1,2016
3401,2016-04-18,"Human Resources O-I Asia Pacific","Melbourne",1,2016
3401,2016-04-18,"Talent and Organisational Effectiveness","Melbourne",1,2016
3401,2016-04-18,"Talent and Organisational Effectiveness","Melbourne",1,2016
3402,2016-04-20,"Plant Engineering","Melbourne",1,2016
3402,2016-04-20,"Mechanical Engineering","Melbourne",1,2016
3403,2016-04-26,"Plant Mechanical Sydney","Sydney",1,2016
3404,2016-04-26,"Procurement","Melbourne",1,2016
3404,2016-04-26,"Procurement","Melbourne",1,2016
3405,2016-05-02,"Monthly Reporting and Planning","Melbourne",1,2016
3405,2016-05-02,"Finance O-I Asia Pacific","Melbourne",1,2016
3406,2016-05-02,"C Shift","Adelaide",1,2016
3407,2016-05-02,"Occupational Health & Safety","Melbourne",1,2016
3407,2016-05-02,"Occupational Health & Safety","Melbourne",1,2016
3408,2016-05-09,"Customer Services","Melbourne",1,2016
3408,2016-05-09,"Customer Services","Melbourne",1,2016
3409,2016-05-09,"Mould Repair","Sydney",1,2016
3410,2016-05-16,"Human Resources","Melbourne",1,2016
3411,2016-05-09,"Mould Repair","Brisbane",1,2016
3412,2016-05-30,"Human Resources O-I Asia Pacific","Melbourne",1,2016
3412,2016-05-30,"Human Resources O-I Asia Pacific","Melbourne",1,2016
3412,2016-05-30,"National Payroll","Melbourne",1,2016
3412,2016-05-30,"National Payroll","Melbourne",1,2016
3413,2016-05-30,"Occupational Health & Safety","Melbourne",1,2016
3413,2016-05-30,"Occupational Health & Safety","Melbourne",1,2016
3413,2016-05-30,"O-I Melbourne Plant","Melbourne",1,2016
3414,2016-06-02,"Service Desk AP","Melbourne",1,2016
3415,2016-06-15,"Procurement","Melbourne",1,2016
3415,2016-06-15,"Procurement","Melbourne",1,2016
3415,2016-06-15,"Procurement","Melbourne",1,2016
3416,2016-07-04,"Wine Segment","Adelaide",1,2016
3416,2016-07-04,"Wine Segment","Adelaide",1,2016
3417,2016-07-07,"Human Resources O-I Asia Pacific","Melbourne",1,2016
3417,2016-07-07,"Talent Acquisition","Melbourne",1,2016
3418,2016-06-13,"D Shift","Brisbane",1,2016
3418,2016-06-13,"D Shift","Brisbane",1,2016
3419,2016-06-13,"B Shift","Brisbane",1,2016
3419,2016-06-13,"B Shift","Brisbane",1,2016
3419,2016-06-13,"B Shift","Brisbane",1,2016
3419,2016-06-13,"B Shift","Brisbane",1,2016
3419,2016-06-13,"E Shift","Brisbane",1,2016
3420,2016-07-11,"Inspection & Packaging Engineering","Brisbane",1,2016
3420,2016-07-11,"Inspection & Packaging Engineering","Brisbane",1,2016
3421,2016-07-11,"Risk Management","Melbourne",1,2016
3422,2016-07-11,"Business Services Melbourne","Melbourne",1,2016
3423,2016-07-25,"Inspection & Packaging Engineering","Brisbane",1,2016
3423,2016-07-25,"Inspection & Packaging Engineering","Brisbane",1,2016
3423,2016-07-25,"Inspection & Packaging Engineering","Brisbane",1,2016
3423,2016-07-25,"Electrical Services","Brisbane",1,2016
3424,2016-07-11,"Service Desk AP","Melbourne",1,2016
3425,2016-08-01,"UPM4 E Shift","Melbourne",1,2016
3425,2016-08-01,"UPM3 C Shift","Melbourne",1,2016
3426,2016-07-25,"Procurement","Melbourne",1,2016
3426,2016-07-25,"Procurement","Melbourne",1,2016
3427,2016-08-01,"Distribution - Queensland","Brisbane",1,2016
3427,2016-08-01,"Distribution - Queensland","Brisbane",1,2016
3428,2016-08-16,"Job Change","Brisbane",1,2016
3428,2016-08-16,"Production Support","Brisbane",1,2016
3429,2016-08-15,"Job Change","Brisbane",1,2016
3430,2016-08-15,"IT Operations","Melbourne",1,2016
3431,2016-08-22,"Batch & Furnace","Melbourne",1,2016
3432,2016-08-22,"Job Change","Brisbane",1,2016
3433,2016-09-05,"IS Repair","Melbourne",1,2016
3434,2016-09-12,"Manufacturing","Sydney",1,2016
3435,2016-08-29,"UPM3","Melbourne",1,2016
3436,2016-09-19,"Glass and Materials Advancement","Melbourne",1,2016
3437,2016-10-03,"Sales & Marketing O-I Australia","Melbourne",1,2016
3437,2016-10-03,"Sales & Marketing O-I Australia","Melbourne",1,2016
3437,2016-10-03,"Sales & Marketing O-I Australia","Melbourne",1,2016
3438,2016-09-20,"Pack Centre","Melbourne",1,2016
3439,2016-09-13,"","Brisbane",1,2016
3440,2016-09-26,"Unit Plant QG1","Brisbane",1,2016
3440,2016-09-26,"Unit Plant QG12","Brisbane",1,2016
3441,2016-10-04,"Business Services","Adelaide",1,2016
3442,2016-10-24,"Human Resources O-I Asia Pacific","Melbourne",1,2016
3442,2016-10-24,"Human Resources O-I Asia Pacific","Melbourne",1,2016
3443,2012-09-17,"Procurement","Melbourne",1,2012
3443,2012-09-17,"Strategic Sourcing and Demand","Melbourne",1,2012
3444,2016-10-24,"Integrated Systems and Risk","Brisbane",1,2016
3445,2016-10-31,"Plant Maintenance Sydney","Sydney",1,2016
3446,2016-11-07,"Sales & Marketing O-I Australia","Melbourne",1,2016
3446,2016-11-07,"Sales & Marketing O-I Australia","Melbourne",1,2016
3446,2016-11-07,"Procurement","Melbourne",1,2016
3446,2016-11-07,"Procurement","Melbourne",1,2016
3446,2016-11-07,"ANZ Planning","Melbourne",1,2016
3447,2016-11-07,"Sales & Marketing O-I Australia","Melbourne",1,2016
3447,2016-11-07,"Commercial O-I Asia Pacific","Melbourne",1,2016
3447,2016-11-07,"Commercial O-I Asia Pacific","Melbourne",1,2016
3448,2016-11-01,"Plant Mechanical Sydney","Sydney",1,2016
3449,2016-11-14,"Mould Repair","Sydney",1,2016
3450,2016-11-15,"Mould Repair","Sydney",1,2016
3451,2016-11-21,"Integrated Systems and Risk","Melbourne",1,2016
3452,2016-11-21,"Business Services Melbourne","Melbourne",1,2016
3452,2016-11-21,"Business Services Melbourne","Melbourne",1,2016
3452,2016-11-21,"SPOTS ACCOUNTANT","Melbourne",1,2016
3453,2016-11-21,"Human Resources O-I Asia Pacific","Melbourne",1,2016
3453,2016-11-21,"Talent Acquisition","Melbourne",1,2016
3454,2016-11-28,"Monthly Reporting and Planning","Melbourne",1,2016
3455,2016-12-12,"New Product Development","Melbourne",1,2016
3456,2016-11-28,"Mould Repair","Sydney",1,2016
3457,2016-11-28,"Procurement","Melbourne",1,2016
3457,2016-11-28,"Procurement","Melbourne",1,2016
3457,2016-11-28,"Regional Logistics","Melbourne",1,2016
3457,2016-11-28,"Quantum_ITF","Melbourne",1,2016
3457,2016-11-28,"Quantum_ITF","Melbourne",1,2016
3458,2016-12-12,"Human Resources O-I Asia Pacific","Melbourne",1,2016
3459,2017-01-09,"Human Resources O-I Asia Pacific","Melbourne",1,2017
3460,2017-01-09,"O-I Operations","Melbourne",1,2017
3460,2017-01-09,"O-I Operations","Melbourne",1,2017
3460,2017-01-09,"Operations O-I Australia","Melbourne",1,2017
3461,2017-01-01,"Brisbane Cullet Pty Ltd","Brisbane",1,2017
3461,2017-01-01,"Cullet Operations","Brisbane",1,2017
3461,2017-01-01,"Brisbane Cullet","Brisbane",1,2017
3462,2017-01-01,"Batch & Furnace","Brisbane",1,2017
3463,2017-01-03,"Plant Mechanical Maintenance","Brisbane",1,2017
3463,2017-01-03,"Plant Mechanical Maintenance","Brisbane",1,2017
3464,2017-01-03,"Corporate Accounting","Melbourne",1,2017
3464,2017-01-03,"Process Improvement","Melbourne",1,2017
3465,2017-01-03,"Occupational Health & Safety","Melbourne",1,2017
3466,2017-01-04,"C Shift","Brisbane",1,2017
3466,2017-01-04,"C Shift","Brisbane",1,2017
3466,2017-01-04,"Distribution - Queensland","Brisbane",1,2017
3467,2017-01-10,"Plant Reliability","Brisbane",1,2017
3467,2017-01-10,"Plant Reliability","Brisbane",1,2017
3468,2017-01-16,"Regional Integrated Operations","Melbourne",1,2017
3468,2017-01-16,"Continuous Improvement","Melbourne",1,2017
3468,2017-01-16,"Operational Performance","Melbourne",1,2017
3468,2017-01-16,"Operational Performance","Melbourne",1,2017
3468,2017-01-16,"Strategy and Integration O-I AP","Melbourne",1,2017
3469,2017-01-16,"Plant Reliability Sydney","Sydney",1,2017
3469,2017-01-16,"Plant Electrical Sydney","Sydney",1,2017
3470,2017-01-23,"Distribution - Queensland","Brisbane",1,2017
3471,2017-01-30,"B Shift","Brisbane",1,2017
3471,2017-01-30,"Distribution - Queensland","Brisbane",1,2017
3472,2017-01-23,"Service Desk AP","Melbourne",1,2017
3473,2017-02-01,"Distribution","Melbourne",1,2017
3473,2017-02-01,"Distribution","Melbourne",1,2017
3473,2017-02-01,"ANZ Logistics","Melbourne",1,2017
3474,2017-01-30,"","Melbourne",1,2017
3474,2017-01-30,"Plant Engineering","Melbourne",1,2017
3475,2017-02-20,"O-I Adelaide Plant","Melbourne",1,2017
3476,2017-02-20,"O-I Melbourne Plant","Melbourne",1,2017
3477,2017-02-20,"O-I Brisbane Plant","Melbourne",1,2017
3478,2017-02-20,"O-I Sydney Plant","Melbourne",1,2017
3479,2017-02-20,"Operational Capability","Melbourne",1,2017
3480,2017-02-17,"Plant Engineering","Melbourne",1,2017
3480,2017-02-17,"Plant Engineering","Melbourne",1,2017
3480,2017-02-17,"Operational Performance","Melbourne",1,2017
3480,2017-02-17,"Supply Chain O-I Asia Pacific","Melbourne",1,2017
3481,2017-02-27,"Quality","Adelaide",1,2017
3481,2017-02-27,"Quality","Adelaide",1,2017
3481,2017-02-27,"Quality","Adelaide",1,2017
3482,2017-03-06,"Human Resources O-I Asia Pacific","Melbourne",1,2017
3482,2017-03-06,"Talent Acquisition","Melbourne",1,2017
3482,2017-03-06,"Talent and Organisational Effectiveness","Melbourne",1,2017
3483,2017-02-13,"Australian Financial Operations","Melbourne",1,2017
3483,2017-02-13,"Business Controlling","Melbourne",1,2017
3484,2017-02-27,"Commercial","Melbourne",1,2017
3485,1982-09-06,"Operational Advancement","Sydney",1,1982
3485,1982-09-06,"Operational Advancement","Sydney",1,1982
3486,2017-02-27,"Business Services","Brisbane",1,2017
3486,2017-02-27,"Plant Controls","Brisbane",1,2017
3486,2017-02-27,"Plant Controls Brisbane","Brisbane",1,2017
3487,2017-03-06,"Business Planning","Melbourne",1,2017
3487,2017-03-06,"Strategy and Integration O-I AP","Melbourne",1,2017
3487,2017-03-06,"Change Management","Melbourne",1,2017
3488,2017-03-02,"Human Resources O-I Asia Pacific","Melbourne",1,2017
3488,2017-03-02,"Human Resources Shared Services","Melbourne",1,2017
3489,2017-03-08,"Distribution","Melbourne",1,2017
3489,2017-03-08,"ANZ Logistics","Melbourne",1,2017
3490,2017-03-13,"AUDIT","Sydney",1,2017
3490,2017-03-13,"C Shift","Sydney",1,2017
3490,2017-03-13,"Pack Centre","Sydney",1,2017
3491,2017-03-14,"General Maintenace","Melbourne",1,2017
3492,2017-03-20,"Business Services Melbourne","Melbourne",1,2017
3493,2017-03-01,"Human Resources O-I Asia Pacific","Melbourne",1,2017
3493,2017-03-01,"Human Resources Business Partnering","Melbourne",1,2017
3494,2017-03-27,"Plant Engineering","Melbourne",1,2017
3494,2017-03-27,"Furnace Design","Melbourne",1,2017
3495,2017-03-27,"Forming Maintenance","Brisbane",1,2017
3495,2017-03-27,"IS Repair","Brisbane",1,2017
3496,2017-04-07,"Human Resources O-I Asia Pacific","Melbourne",1,2017
3497,2017-04-07,"Monthly Reporting and Planning","Melbourne",1,2017
3497,2017-04-07,"Quantum_ITF","Melbourne",1,2017
3498,2017-04-10,"Brisbane Cullet Pty Ltd","Brisbane",1,2017
3498,2017-04-10,"Cullet Operations","Brisbane",1,2017
3499,2017-04-10,"Brisbane Cullet Pty Ltd","Brisbane",1,2017
3500,2017-05-01,"Plant Engineering","Melbourne",1,2017
3500,2017-05-01,"Electrical Engineering","Melbourne",1,2017
3500,2017-05-01,"Electrical Engineering","Melbourne",1,2017
3501,2017-05-01,"Human Resources","Brisbane",1,2017
3501,2017-05-01,"Human Resources Brisbane","Brisbane",1,2017
3501,2017-05-01,"Human Resources Business Partnering","Brisbane",1,2017
3501,2017-05-01,"Human Resources Brisbane","Brisbane",1,2017
3502,2017-04-18,"Human Resources O-I Asia Pacific","Melbourne",1,2017
3502,2017-04-18,"Human Resources Shared Services","Melbourne",1,2017
3503,2017-05-11,"O-I Australia","Melbourne",1,2017
3503,2017-05-11,"Operational Advancement","Melbourne",1,2017
3503,2017-05-11,"ANZ BIZ UNIT","Melbourne",1,2017
3503,2017-05-11,"ANZ Business Unit","Melbourne",1,2017
3504,2017-05-15,"Brisbane Cullet Pty Ltd","Brisbane",1,2017
3505,2017-05-22,"Plant Engineering","Melbourne",1,2017
3505,2017-05-22,"Furnace Design","Melbourne",1,2017
3506,2017-05-22,"Electrical Services","Brisbane",1,2017
3506,2017-05-22,"Electrical Services","Brisbane",1,2017
3506,2017-05-22,"Plant Reliability","Brisbane",1,2017
3507,2017-05-22,"Distribution - Queensland","Brisbane",1,2017
3508,2017-06-01,"Plant Reliability","Melbourne",1,2017
3509,2017-05-16,"Plant Reliability","Adelaide",1,2017
3510,2017-05-31,"Batch & Furnace","Sydney",1,2017
3510,2017-05-31,"Batch & Furnace","Sydney",1,2017
3510,2017-05-31,"Batch & Furnace","Sydney",1,2017
3511,2017-06-13,"Human Resources","Melbourne",1,2017
3511,2017-06-13,"Human Resources Business Partnering","Melbourne",1,2017
3512,2017-06-05,"Facilities Advancement","Melbourne",1,2017
3512,2017-06-05,"Regional Engineering","Melbourne",1,2017
3513,2017-05-25,"Procurement","Melbourne",1,2017
3513,2017-05-25,"Procurement Administration","Melbourne",1,2017
3513,2017-05-25,"Procurement Administration","Melbourne",1,2017
3513,2017-05-25,"Procurement Administration","Melbourne",1,2017
3513,2017-05-25,"Procurement Administration","Melbourne",1,2017
3514,2017-06-12,"Procurement","Melbourne",1,2017
3514,2017-06-12,"Procurement Administration","Melbourne",1,2017
3514,2017-06-12,"Procurement Administration","Melbourne",1,2017
3514,2017-06-12,"Procurement Administration","Melbourne",1,2017
3515,2012-04-10,"Line Development","Sydney",1,2012
3515,2012-04-10,"Quality Services Sydney","Sydney",1,2012
3515,2012-04-10,"Audit","Sydney",1,2012
3515,2012-04-10,"Audit","Sydney",1,2012
3516,2017-06-05,"Mould Repair","Sydney",1,2017
3517,2017-06-13,"Human Resources O-I Asia Pacific","Melbourne",1,2017
3517,2017-06-13,"Human Resources Shared Services","Melbourne",1,2017
3518,2017-06-19,"Australian Financial Operations","Melbourne",1,2017
3518,2017-06-19,"Business Controlling","Melbourne",1,2017
3518,2017-06-19,"Business Controlling","Melbourne",1,2017
3519,2017-06-22,"Distribution","Melbourne",1,2017
3519,2017-06-22,"ANZ Logistics","Melbourne",1,2017
3520,2017-07-03,"Sales & Marketing O-I Australia","Melbourne",1,2017
3521,2017-07-03,"Regional Engineering","Melbourne",1,2017
3521,2017-07-03,"Electrical Engineering","Melbourne",1,2017
3522,2017-06-19,"Service Desk AP","Melbourne",1,2017
3522,2017-06-19,"IT Operations","Melbourne",1,2017
3522,2017-06-19,"IT Operations","Melbourne",1,2017
3523,2017-06-19,"Plant Maintenance","Adelaide",1,2017
3524,2017-06-26,"","Melbourne",1,2017
3524,2017-06-26,"Commercial O-I Asia Pacific","Melbourne",1,2017
3524,2017-06-26,"Design Engineering","Melbourne",1,2017
3524,2017-06-26,"Design Engineering","Melbourne",1,2017
3525,2017-06-21,"O-I Brisbane Plant","Brisbane",1,2017
3526,2017-06-26,"","Melbourne",1,2017
3526,2017-06-26,"Pricing O-I Asia Pacific","Melbourne",1,2017
3526,2017-06-26,"Pricing O-I Asia Pacific","Melbourne",1,2017
3527,2017-07-03,"Regional Engineering","Melbourne",1,2017
3527,2017-07-03,"Mechanical Engineering","Melbourne",1,2017
3527,2017-07-03,"Mechanical Engineering","Melbourne",1,2017
3528,2017-07-11,"Management Accounting","Melbourne",1,2017
3529,2017-07-17,"Business Planning O-I Asia Pacific","Melbourne",1,2017
3529,2017-07-17,"Strategy and Integration O-I AP","Melbourne",1,2017
3530,2017-07-17,"O-I Sydney Plant","Sydney",1,2017
3530,2017-07-17,"O-I Sydney Plant","Sydney",1,2017
3531,2017-07-17,"Business Planning O-I Asia Pacific","Melbourne",1,2017
3531,2017-07-17,"Change Management","Melbourne",1,2017
3532,2017-07-17,"O-I Melbourne Plant","Melbourne",1,2017
3532,2017-07-17,"Batch & Furnace","Melbourne",1,2017
3532,2017-07-17,"Operational and Facilities Advancement","Melbourne",1,2017
3533,2017-07-12,"Sales & Marketing O-I Australia","Melbourne",1,2017
3533,2017-07-12,"Category Sales Beer","Melbourne",1,2017
3534,2017-07-31,"Human Resources Operations","Melbourne",1,2017
3535,2017-08-02,"Learning and Development","Melbourne",1,2017
3535,2017-08-02,"Learning and Development","Melbourne",1,2017
3536,2017-07-17,"Regional Quality","Melbourne",1,2017
3537,2017-07-11,"Brisbane Cullet","Brisbane",1,2017
3538,2017-08-07,"Human Resources Shared Services","Melbourne",1,2017
3539,2017-08-07,"Regional Procurement","Melbourne",1,2017
3540,2017-08-14,"Job Change","Adelaide",1,2017
3541,2017-08-21,"Customer Technical Services","Sydney",1,2017
3541,2017-08-21,"Customer Technical Services","Sydney",1,2017
3541,2017-08-21,"Technical Services","Sydney",1,2017
3542,2017-08-21,"Mechanical Engineering","Melbourne",1,2017
3543,2017-08-23,"Pricing O-I Asia Pacific","Melbourne",1,2017
3544,2017-08-21,"Inspection & Packaging Engineering","Brisbane",1,2017
3545,2017-08-21,"Mechanical Engineering","Melbourne",1,2017
3546,2017-08-28,"Human Resources Business Partnering","Melbourne",1,2017
3547,2017-09-04,"Project Quantum","Melbourne",1,2017
3548,2017-09-04,"Project Quantum","Melbourne",1,2017
3549,2017-09-04,"Human Resources Business Partnering","Sydney",1,2017
3550,2017-09-11,"Project Quantum","Melbourne",1,2017
3551,2017-09-08,"Process Improvement","Melbourne",1,2017
3552,2017-08-28,"Production Line Management","Sydney",1,2017
3552,2017-08-28,"Production Line Management 1","Sydney",1,2017
3553,2017-09-04,"Change Management","Melbourne",1,2017
3554,2017-09-11,"Cullet Operations","Brisbane",1,2017
3554,2017-09-11,"Brisbane Cullet","Brisbane",1,2017
3555,2017-09-11,"Mould Repair","Sydney",1,2017
3556,2017-09-18,"Batch & Furnace","Sydney",1,2017
3557,2017-09-14,"Project Quantum","Melbourne",1,2017
3558,2017-09-18,"Distribution - Queensland","Brisbane",1,2017
3558,2017-09-18,"Logistics - Queensland","Brisbane",1,2017
3559,2017-09-18,"Process Improvement","Melbourne",1,2017
3560,2017-10-02,"Regional Procurement","Melbourne",1,2017
3560,2017-10-02,"Regional Procurement","Melbourne",1,2017
3561,2017-10-09,"ANZ Planning","Melbourne",1,2017
3562,2017-10-03,"Plant Maintenance","Brisbane",1,2017
3563,2017-09-27,"Management Accounting","Melbourne",1,2017
3564,2017-10-02,"Regional Engineering","Melbourne",1,2017
3565,2017-10-09,"Shared Services","Melbourne",1,2017
3565,2017-10-09,"Shared Services","Melbourne",1,2017
3566,2017-10-09,"Human Resources Brisbane","Brisbane",1,2017
3566,2017-10-09,"Human Resources Brisbane","Brisbane",1,2017
3567,2017-10-09,"Strategy and Integration O-I AP","Melbourne",1,2017
3567,2017-10-09,"Communications","Melbourne",1,2017
3567,2017-10-09,"Communications","Melbourne",1,2017
3568,2017-10-04,"O-I Brisbane Plant","Brisbane",1,2017
3569,2017-10-09,"Shift D","Melbourne",1,2017
3570,2017-10-09,"Mould Repair","Brisbane",1,2017
3571,2017-10-09,"Unit Plant QG12","Brisbane",1,2017
3572,2017-10-09,"Pack Centre","Sydney",1,2017
3573,2017-10-16,"Electrical Maintenance","Melbourne",1,2017
3573,2017-10-16,"Electrical Maintenance","Melbourne",1,2017
3574,2017-10-09,"ANZ Logistics","Melbourne",1,2017
3575,2017-10-16,"Strategy and Integration O-I AP","Melbourne",1,2017
3575,2017-10-16,"Strategy and PMO","Melbourne",1,2017
3576,2017-10-16,"Occupational Health & Safety","Melbourne",1,2017
3577,2017-10-23,"Plant Reliability","Brisbane",1,2017
3578,2017-10-23,"ANZ Planning","Melbourne",1,2017
3579,2017-11-13,"C Shift","Adelaide",1,2017
3579,2017-11-13,"UPM","Adelaide",1,2017
3580,2017-10-16,"ANZ Planning","Melbourne",1,2017
3581,2017-10-30,"Plant Maintenance","Brisbane",1,2017
3582,2017-10-30,"Project Quantum","Melbourne",1,2017
3582,2017-10-30,"Quantum_PTP","Melbourne",1,2017
3583,2017-11-13,"EH&S Brisbane","Brisbane",1,2017
3584,2017-10-30,"O-I Operations","Melbourne",1,2017
3584,2017-10-30,"Regional EHS","Melbourne",1,2017
3585,2017-11-15,"Accounts Payable","Melbourne",1,2017
3586,2017-11-15,"Unit Plant QG3","Brisbane",1,2017
3587,2017-12-04,"Occupational Health & Safety","Melbourne",1,2017
3588,2017-12-04,"ANZ Finance","Melbourne",1,2017
3588,2017-12-04,"ANZ Finance","Melbourne",1,2017
3589,2017-12-04,"Shift C","Melbourne",1,2017
3590,2017-11-20,"Brisbane Cullet","Brisbane",1,2017
3591,2017-12-07,"Regional Engineering","Melbourne",1,2017
3592,2017-12-11,"Change Management","Melbourne",1,2017
3593,2017-12-11,"D Shift","Adelaide",1,2017
3594,2017-12-11,"A Shift","Adelaide",1,2017
3595,2017-12-11,"Shift B","Melbourne",1,2017
3596,2017-12-11,"Strategic Sourcing and Demand","Adelaide",1,2017
3597,2018-01-08,"Strategic Sourcing and Demand","Sydney",1,2018
3598,2018-01-16,"","Melbourne",1,2018
3598,2018-01-16,"Regional Quality","Melbourne",1,2018
3599,2017-12-07,"Strategy and PMO","Melbourne",1,2017
3599,2017-12-07,"Quantum_IT","Melbourne",1,2017
3600,2018-01-02,"C Shift","Adelaide",1,2018
3601,2018-01-03,"IS Repair","Brisbane",1,2018
3602,2017-12-20,"Brisbane Cullet","Brisbane",1,2017
3603,2018-01-08,"Batch & Furnace","Melbourne",1,2018
3604,2018-01-02,"Management Accounting","Melbourne",1,2018
3605,2018-01-16,"Award & HRIS","Melbourne",1,2018
3606,2018-01-08,"PMO&Quantum","Melbourne",1,2018
3606,2018-01-08,"Quantum_RTP","Melbourne",1,2018
3607,2018-02-01,"Supply Chain O-I Asia Pacific","Melbourne",1,2018
3608,2018-02-05,"E Shift","Adelaide",1,2018
3609,2018-02-05,"Process Improvement","Melbourne",1,2018
3610,2018-02-05,"Shift D","Melbourne",1,2018
3610,2018-02-05,"Shift D","Melbourne",1,2018
3611,2018-02-12,"Job Change","Adelaide",1,2018
3612,2018-02-14,"Human Resources Shared Services","Melbourne",1,2018
3613,2018-02-05,"Plant Controls Sydney","Sydney",1,2018
3614,2018-02-26,"Regional Procurement","Melbourne",1,2018
3614,2018-02-26,"Regional Procurement","Melbourne",1,2018
3615,2018-03-13,"Human Resources Business Partnering","Adelaide",1,2018
3615,2018-03-13,"Human Resources","Adelaide",1,2018
3616,2018-02-06,"Plant Reliability Sydney","Sydney",1,2018
3616,2018-02-06,"Plant Mechanical Sydney","Sydney",1,2018
3616,2018-02-06,"Plant Mechanical Sydney","Sydney",1,2018
3617,2018-03-01,"Quantum_OTC","Melbourne",1,2018
3618,2018-02-19,"Shared Services","Melbourne",1,2018
3619,2018-03-05,"Customer Services","Melbourne",1,2018
3619,2018-03-05,"Customer Services","Melbourne",1,2018
3620,2018-03-01,"Pricing O-I Asia Pacific","Melbourne",1,2018
3621,2018-02-02,"O-I Sydney Plant","Sydney",1,2018
3622,2018-03-13,"Human Resources Business Partnering","Melbourne",1,2018
3622,2018-03-13,"Human Resources Business Partnering","Melbourne",1,2018
3623,2018-04-09,"Customer Technical Services","Sydney",1,2018
3623,2018-04-09,"Technical Services","Sydney",1,2018
3624,2018-03-13,"Manufacturing","Melbourne",1,2018
3625,2018-04-04,"SPOTS ACCOUNTANT","Melbourne",1,2018
3626,2018-03-29,"Quantum_IT","Melbourne",1,2018
3627,2018-04-03,"Supply Chain O-I Asia Pacific","Melbourne",1,2018
3629,2018-04-03,"Plant Reliability Sydney","Sydney",1,2018
3630,2018-04-01,"Customer Technical Services","Melbourne",1,2018
3630,2018-04-01,"Customer Technical Services","Melbourne",1,2018
3630,2018-04-01,"Customer Technical Services","Melbourne",1,2018
3630,2018-04-01,"Customer Technical Services","Melbourne",1,2018
3631,2018-03-26,"Distribution - Queensland","Brisbane",1,2018
3632,2018-04-10,"Regional Procurement","Melbourne",1,2018
3632,2018-04-10,"Regional Procurement","Melbourne",1,2018
3633,2018-04-03,"ANZ Planning","Melbourne",1,2018
3634,2018-04-03,"Plant Maintenance","Brisbane",1,2018
3635,2018-04-03,"D Shift","Adelaide",1,2018
3635,2018-04-03,"D Shift","Adelaide",1,2018
3635,2018-04-03,"Shift C","Adelaide",1,2018
3635,2018-04-03,"Shift C","Adelaide",1,2018
3636,2018-04-16,"Human Resources Business Partnering","Sydney",1,2018
3637,2018-04-09,"ANZ Logistics","Adelaide",1,2018
3638,2018-04-09,"Unit Plant QG31","Brisbane",1,2018
3639,2018-05-01,"ANZ Logistics","Melbourne",1,2018
3640,2018-04-18,"Business Controlling","Melbourne",1,2018
3640,2018-04-18,"Business Controlling","Melbourne",1,2018
3641,2018-05-14,"Strategic Sourcing","Melbourne",1,2018
3641,2018-05-14,"Strategic Sourcing","Melbourne",1,2018
3641,2018-05-14,"Strategic Sourcing","Melbourne",1,2018
3642,2018-04-30,"Shared Services","Melbourne",1,2018
3643,2018-04-16,"Monthly Reporting and Planning","Melbourne",1,2018
3644,2018-04-01,"Regional Engineering","Melbourne",1,2018
3645,2018-04-30,"Change Management","Melbourne",1,2018
3647,2018-06-11,"Plant Controls Brisbane","Brisbane",1,2018
3647,2018-06-11,"Plant Controls Brisbane","Brisbane",1,2018
3648,2018-05-28,"Shift D","Melbourne",1,2018
3649,2018-06-12,"Procurement Administration","Melbourne",1,2018
3650,2018-06-04,"Unit Plant QG33","Brisbane",1,2018
3651,2018-06-04,"Unit Plant QG33","Brisbane",1,2018
3652,2018-06-12,"Cold End Job Change","Melbourne",1,2018
3653,2018-06-25,"Job Change","Sydney",1,2018
3654,2018-07-02,"IT Operations","Melbourne",1,2018
3655,2018-06-18,"Unit Plant QG3","Brisbane",1,2018
3656,2018-06-25,"Maintenance Planning","Brisbane",1,2018
3657,2018-06-25,"IT Operations","Melbourne",1,2018
3657,2018-06-25,"IT Operations","Melbourne",1,2018
3658,2018-07-02,"Job Change","Sydney",1,2018
3658,2018-07-02,"Job Change","Sydney",1,2018
3659,2018-07-16,"Commercial Logistics","Melbourne",1,2018
3660,2018-07-16,"Shift C","Melbourne",1,2018
3661,2018-07-23,"Operational Performance","Melbourne",1,2018
3661,2018-07-23,"Regional Operations","Melbourne",1,2018
3662,2018-05-29,"Quantum_IT","Melbourne",1,2018
3662,2018-05-29,"Quantum_IT","Melbourne",1,2018
3663,2018-07-23,"IS Repair","Brisbane",1,2018
3664,2018-07-30,"Unit Plant QG15","Brisbane",1,2018
3665,2018-07-30,"Unit Plant QG31","Brisbane",1,2018
3665,2018-07-30,"Unit Plant QG31","Brisbane",1,2018
3666,2018-08-20,"Strategic Sourcing and Demand","Melbourne",1,2018
3667,2018-08-13,"Mould Repair","Brisbane",1,2018
3668,2018-08-20,"Unit Plant QG15","Brisbane",1,2018
3669,2018-09-03,"Mould Repair","Brisbane",1,2018
3670,2018-08-27,"Batch & Furnace","Melbourne",1,2018
3671,2018-08-27,"Batch & Furnace","Melbourne",1,2018
3672,2018-08-27,"Batch & Furnace","Melbourne",1,2018
3673,2018-09-17,"EH&S Brisbane","Brisbane",1,2018
3674,2018-09-17,"Glass and Materials Advancement","Melbourne",1,2018
3674,2018-09-17,"Glass and Materials Advancement","Melbourne",1,2018
3675,2018-10-15,"Cold End Job Change","Melbourne",1,2018
3676,2018-10-29,"Procurement Administration","Melbourne",1,2018
3677,2018-10-29,"Production Line Management 1","Sydney",1,2018
3677,2018-10-29,"Production Line Management 1","Sydney",1,2018
3678,2018-10-18,"Shift C","Melbourne",1,2018
3679,2018-10-29,"Customer Technical Services","Brisbane",1,2018
3680,2018-11-05,"Batch & Furnace","Melbourne",1,2018
3681,2018-11-19,"Adelaide Plant","Adelaide",1,2018
3682,2018-11-19,"Adelaide Plant","Adelaide",1,2018
3683,2018-11-19,"Adelaide Plant","Adelaide",1,2018
3684,2018-12-04,"Logistics","Melbourne",1,2018
3685,2018-12-03,"Plant Maintenance","Brisbane",1,2018
3685,2018-12-03,"Plant Maintenance","Brisbane",1,2018
3686,2018-12-10,"Electrical Services","Brisbane",1,2018
3686,2018-12-10,"Electrical Services","Brisbane",1,2018
3687,2018-12-17,"Mould Repair","Brisbane",1,2018
3688,2019-01-07,"Plant Electrical Sydney","Sydney",1,2019
3689,2018-12-17,"Management Accounting","Melbourne",1,2018
3690,2004-01-08,"Adelaide Plant","Adelaide",1,2004
3691,2019-01-07,"Electrical Maintenance","Melbourne",1,2019
3692,2019-01-14,"Shift B","Melbourne",1,2019
3693,2019-01-21,"O-I Melbourne Plant","Melbourne",1,2019
3694,2019-01-14,"Change Management","Melbourne",1,2019
3694,2019-01-14,"Change Management","Melbourne",1,2019
3695,2019-02-04,"Process Improvement","Melbourne",1,2019
3696,2019-01-30,"Plant Maintenance","Brisbane",1,2019
3696,2019-01-30,"Electrical Services","Brisbane",1,2019
3697,2019-02-04,"Human Resources Brisbane","Brisbane",1,2019
3698,2019-02-04,"Shift C","Adelaide",1,2019
3699,2019-02-04,"Plant Reliability","Brisbane",1,2019
3699,2019-02-04,"Plant Reliability","Brisbane",1,2019
3700,2019-02-25,"Operational Capability","Sydney",1,2019
3701,2019-02-25,"Operational Capability","Brisbane",1,2019
3702,2019-02-25,"Operational Capability","Melbourne",1,2019
3703,2019-02-25,"Operational Capability","Brisbane",1,2019
3704,2019-02-25,"Operational Capability","Adelaide",1,2019
3705,2019-02-25,"Operational Capability","Sydney",1,2019
3706,2019-03-04,"Pricing O-I Asia Pacific","Melbourne",1,2019
3707,2019-02-26,"Unit Plant Management","Melbourne",1,2019
3707,2019-02-26,"Shift A","Melbourne",1,2019
3708,2019-02-26,"Unit Plant Management","Melbourne",1,2019
3708,2019-02-26,"Unit Plant Management","Melbourne",1,2019
3709,2019-02-26,"Unit Plant Management","Melbourne",1,2019
3709,2019-02-26,"Shift A","Melbourne",1,2019
3710,2019-03-04,"General Maintenance","Melbourne",1,2019
3710,2019-03-04,"General Maintenance","Melbourne",1,2019
3711,2019-03-04,"Talent Acquisition","Melbourne",1,2019
3711,2019-03-04,"Talent and Organisational Effectiveness","Melbourne",1,2019
3712,2019-03-11,"Maintenance Planning","Brisbane",1,2019
3713,2019-03-04,"Electrical Engineering","Melbourne",1,2019
3714,2019-02-25,"Operational Capability","Melbourne",1,2019
3715,2019-02-26,"Unit Plant Management","Melbourne",1,2019
3715,2019-02-26,"Unit Plant Management","Melbourne",1,2019
3716,2019-03-04,"Shift C","Melbourne",1,2019
3717,2019-03-04,"Shift E","Melbourne",1,2019
3718,2019-03-11,"Unit Plant QG31","Brisbane",1,2019
3718,2019-03-11,"Unit Plant QG1","Brisbane",1,2019
3719,2019-04-08,"Learning and Development","Melbourne",1,2019
3720,2019-04-01,"Regional Procurement","Melbourne",1,2019
3721,2019-04-08,"Human Resources","Melbourne",1,2019
3722,2019-04-01,"IS Repair","Melbourne",1,2019
3723,2019-04-15,"Furnace Design","Melbourne",1,2019
3724,2019-04-17,"Pricing O-I Asia Pacific","Melbourne",1,2019
3725,2019-04-15,"Plant Reliability","Brisbane",1,2019
3726,2019-04-29,"Electrical Engineering","Melbourne",1,2019
3727,2019-05-01,"ANZ Planning","Melbourne",1,2019
3728,2019-04-29,"Cullet","Melbourne",1,2019
3729,2019-05-03,"Financial Planning and Analysis","Melbourne",1,2019
3730,2019-04-29,"Cold End Job Change","Melbourne",1,2019
3731,2019-05-06,"Maintenance-Cold End","Melbourne",1,2019
3732,2019-05-20,"Strategic Sourcing and Demand","Adelaide",1,2019
3733,2019-05-20,"Electrical Engineering","Melbourne",1,2019
3734,2019-05-20,"IS Repair","Melbourne",1,2019
3735,2019-05-27,"Logistics","Melbourne",1,2019
3736,2019-05-20,"Reliability","Adelaide",1,2019
3737,2019-06-03,"Pack Centre","Sydney",1,2019
3738,2019-06-11,"Sales & Marketing O-I Australia","Melbourne",1,2019
3739,2019-06-03,"Plant Controls Adelaide","Adelaide",1,2019
3740,2019-06-03,"Plant Controls Brisbane","Brisbane",1,2019
3741,2019-06-03,"Shift C","Adelaide",1,2019
3742,2019-06-01,"Wine Segment","Adelaide",1,2019
3743,2019-05-27,"Batch & Furnace","Melbourne",1,2019
3744,2019-05-27,"Finance O-I Asia Pacific","Melbourne",1,2019
3745,2019-06-10,"Cullet Operations","Brisbane",1,2019
3746,2019-06-17,"Job Change","Sydney",1,2019
3747,2019-06-19,"Mould Repair","Adelaide",1,2019
3748,2019-06-24,"IT Operations","Melbourne",1,2019
3749,2019-07-01,"IT Operations","Melbourne",1,2019
3751,2019-06-24,"Shift C","Adelaide",1,2019
90002942,2005-05-02,"Line 12 Shift C","Jakarta",1,2005
90002979,2006-10-01,"Marketing & Sales","Jakarta",1,2006
90002987,2007-01-01,"Mould Shop/R & D","Jakarta",1,2007
90002990,2007-03-01,"Mechanical Engineering","Jakarta",1,2007
90002990,2007-03-01,"Mechanical Engineering","Jakarta",1,2007
90002999,2007-08-01,"Batch & Furnace","Jakarta",1,2007
90003022,2008-05-02,"Machine Maintenance","Jakarta",1,2008
90003045,2009-11-01,"Purchasing","Jakarta",1,2009
90003045,2009-11-01,"Procurement","Jakarta",1,2009
90003086,2011-02-01,"Human Resources","Jakarta",1,2011
90003092,2011-04-01,"Machine Maintenance","Jakarta",1,2011
90003094,2011-05-01,"Human Resources","Jakarta",1,2011
90003098,2011-06-01,"Mechanical Engineering","Jakarta",1,2011
90003101,2011-06-01,"Shift Operation ""D""","Jakarta",1,2011
90003102,2011-06-01,"Shift Operation ""A""","Jakarta",1,2011
90003103,2011-06-01,"Mould Shop","Jakarta",1,2011
90003104,2011-07-01,"Inspection Packaging","Jakarta",1,2011
90003104,2011-07-01,"Inspection Packaging","Jakarta",1,2011
90003107,2011-08-01,"Quality Service","Jakarta",1,2011
90003109,2011-09-01,"Mould Shop","Jakarta",1,2011
90003111,2011-09-01,"Machine Maintenance","Jakarta",1,2011
90003111,2011-09-01,"Machine Maintenance","Jakarta",1,2011
90003112,2011-10-01,"Marketing & Sales","Jakarta",1,2011
90003116,2011-12-01,"Inspection Packaging","Jakarta",1,2011
90003118,2012-01-01,"Electrical","Jakarta",1,2012
90003124,2012-04-01,"Electrical","Jakarta",1,2012
90003131,2012-06-01,"Machine Maintenance","Jakarta",1,2012
90003132,2012-08-01,"Marketing & Sales","Jakarta",1,2012
90003133,2012-08-01,"Mechanical Engineering","Jakarta",1,2012
90003134,2012-09-01,"Line 22 Shift A","Jakarta",1,2012
90003135,2012-09-01,"Shift Operation ""B""","Jakarta",1,2012
90003136,2012-09-01,"Shift Operation ""C""","Jakarta",1,2012
90003137,2012-09-01,"Electrical","Jakarta",1,2012
90003144,2012-11-01,"Job Change","Jakarta",1,2012
90003147,2013-04-01,"Marketing & Sales","Jakarta",1,2013
90003150,2013-05-01,"Distribution","Jakarta",1,2013
90003150,2013-05-01,"Logistic & PPIC","Jakarta",1,2013
90003153,2013-06-01,"Production Planning Inventory Control","Jakarta",1,2013
90003156,2013-07-01,"Manufacturing Process Capability Program","Jakarta",1,2013
90003157,2013-08-01,"Manufacturing Process Capability Program","Jakarta",1,2013
90003158,2013-09-01,"PT Kangar Consolidated Industries","Jakarta",1,2013
90003160,2013-09-01,"Line 12 Shift C","Jakarta",1,2013
90003162,2013-09-01,"Mould Shop","Jakarta",1,2013
90003163,2013-10-01,"Finance","Jakarta",1,2013
90003164,2013-11-01,"Line 21 Shift A","Jakarta",1,2013
90003165,2013-11-01,"Mechanical Engineering","Jakarta",1,2013
90003165,2013-11-01,"Mechanical Engineering","Jakarta",1,2013
90003166,2014-01-01,"Plant Reliability","Jakarta",1,2014
90003167,2014-01-01,"Mechanical Engineering","Jakarta",1,2014
90003168,2014-01-01,"Quality Service","Jakarta",1,2014
90003169,2014-01-01,"Quality Service","Jakarta",1,2014
90003169,2014-01-01,"Quality Service","Jakarta",1,2014
90003170,2014-01-01,"Job Change","Jakarta",1,2014
90003171,2014-01-01,"Line 24 Shift C","Jakarta",1,2014
90003172,2014-01-01,"Line 14 Shift D","Jakarta",1,2014
90003173,2014-01-01,"Line 12 Shift B","Jakarta",1,2014
90003173,2014-01-01,"Line 12 Shift B","Jakarta",1,2014
90003174,2014-02-01,"Machine Maintenance","Jakarta",1,2014
90003175,2014-02-03,"PT Kangar Consolidated Industries","Jakarta",1,2014
90003176,2014-05-01,"Line 12 Shift B","Jakarta",1,2014
90003176,2014-05-01,"Line 12 Shift B","Jakarta",1,2014
90003177,2014-05-01,"Line 22 Shift C","Jakarta",1,2014
90003177,2014-05-01,"Line 22 Shift C","Jakarta",1,2014
90003177,2014-05-01,"Mould Shop","Jakarta",1,2014
90003178,2014-06-01,"Finance","Jakarta",1,2014
90003179,2014-06-01,"Line 12 Shift A","Jakarta",1,2014
90003179,2014-06-01,"Line 12 Shift A","Jakarta",1,2014
90003180,2014-07-01,"Marketing & Sales","Jakarta",1,2014
90003181,2014-07-01,"Plant Reliability","Jakarta",1,2014
90003182,2014-07-01,"Manufacturing","Jakarta",1,2014
90003183,2014-07-01,"Manufacturing","Jakarta",1,2014
90003184,2014-07-01,"Line 11 Shift B","Jakarta",1,2014
90003184,2014-07-01,"Line 11 Shift B","Jakarta",1,2014
90003185,2014-07-01,"Line 14 Shift C","Jakarta",1,2014
90003185,2014-07-01,"Line 14 Shift C","Jakarta",1,2014
90003186,2014-07-01,"Batch & Furnace","Jakarta",1,2014
90003187,2014-08-01,"Mould Shop","Jakarta",1,2014
90003188,2014-08-01,"Machine Maintenance","Jakarta",1,2014
90003188,2014-08-01,"Machine Maintenance","Jakarta",1,2014
90003189,2014-09-01,"Inspection Packaging","Jakarta",1,2014
90003190,2014-09-01,"Line 14 Shift A","Jakarta",1,2014
90003190,2014-09-01,"Line 14 Shift A","Jakarta",1,2014
90003191,2014-09-01,"Line 21 Shift B","Jakarta",1,2014
90003191,2014-09-01,"Line 21 Shift B","Jakarta",1,2014
90003192,2014-09-01,"Line 21 Shift C","Jakarta",1,2014
90003192,2014-09-01,"Line 21 Shift C","Jakarta",1,2014
90003193,2014-09-01,"Line 21 Shift D","Jakarta",1,2014
90003193,2014-09-01,"Line 21 Shift D","Jakarta",1,2014
90003194,2014-10-01,"Marketing & Sales","Jakarta",1,2014
90003195,2014-11-01,"Production Planning Inventory Control","Jakarta",1,2014
90003195,2014-11-01,"Logistic & PPIC","Jakarta",1,2014
90003195,2014-11-01,"Planning","Jakarta",1,2014
90003196,2014-11-01,"Line 21 Shift A","Jakarta",1,2014
90003197,2014-11-01,"Line 24 Shift B","Jakarta",1,2014
90003198,2014-11-01,"Line 22 Shift D","Jakarta",1,2014
90003199,2014-12-01,"Line 24 Shift C","Jakarta",1,2014
90003199,2014-12-01,"Line 24 Shift C","Jakarta",1,2014
90003200,2014-12-01,"Quality Service","Jakarta",1,2014
90003200,2014-12-01,"Quality Service","Jakarta",1,2014
90003201,2015-01-05,"Finance","Jakarta",1,2015
90003202,2015-01-05,"Finance","Jakarta",1,2015
90003203,2015-01-05,"Batch & Furnace","Jakarta",1,2015
90003204,2015-01-05,"Electrical","Jakarta",1,2015
90003204,2015-01-05,"Electrical","Jakarta",1,2015
90003205,2015-01-05,"Electrical","Jakarta",1,2015
90003205,2015-01-05,"Electrical","Jakarta",1,2015
90003205,2015-01-05,"Electrical","Jakarta",1,2015
90003206,2015-01-05,"Mechanical Engineering","Jakarta",1,2015
90003206,2015-01-05,"Mechanical Engineering","Jakarta",1,2015
90003207,2015-01-05,"Inspection Packaging","Jakarta",1,2015
90003208,2015-01-05,"Manufacturing","Jakarta",1,2015
90003209,2015-01-05,"Manufacturing","Jakarta",1,2015
90003210,2015-01-05,"Manufacturing","Jakarta",1,2015
90003211,2015-01-05,"Line 22 Shift D","Jakarta",1,2015
90003211,2015-01-05,"Line 22 Shift D","Jakarta",1,2015
90003212,2015-01-05,"Line 24 Shift D","Jakarta",1,2015
90003214,2015-01-05,"Quality Service","Jakarta",1,2015
90003216,2015-01-05,"Electrical","Jakarta",1,2015
90003217,2015-02-02,"Marketing & Sales","Jakarta",1,2015
90003218,2015-02-02,"Manufacturing","Jakarta",1,2015
90003219,2015-02-16,"Marketing & Sales","Jakarta",1,2015
90003220,2015-03-02,"Mechanical Engineering","Jakarta",1,2015
90003221,2015-03-02,"Line 24 Shift B","Jakarta",1,2015
90003221,2015-03-02,"Line 24 Shift B","Jakarta",1,2015
90003222,2015-03-02,"Line 24 Shift D","Jakarta",1,2015
90003223,2015-03-16,"Mould Shop","Jakarta",1,2015
90003224,2015-04-06,"Line 14 Shift A","Jakarta",1,2015
90003224,2015-04-06,"Line 14 Shift A","Jakarta",1,2015
90003225,2015-04-06,"Line 14 Shift B","Jakarta",1,2015
90003226,2015-04-06,"Line 24 Shift D","Jakarta",1,2015
90003227,2015-04-06,"Line 24 Shift B","Jakarta",1,2015
90003228,2015-05-01,"Electrical","Jakarta",1,2015
90003228,2015-05-01,"Electrical","Jakarta",1,2015
90003228,2015-05-01,"Electrical","Jakarta",1,2015
90003229,2015-05-01,"Manufacturing","Jakarta",1,2015
90003230,2015-05-01,"Manufacturing","Jakarta",1,2015
90003231,2015-05-01,"Manufacturing","Jakarta",1,2015
90003232,2015-05-11,"Marketing & Sales","Jakarta",1,2015
90003232,2015-05-11,"Marketing & Sales","Jakarta",1,2015
90003233,2015-05-01,"Line 14 Shift C","Jakarta",1,2015
90003233,2015-05-01,"Line 14 Shift C","Jakarta",1,2015
90003234,2015-05-01,"Line 22 Shift D","Jakarta",1,2015
90003235,2015-06-01,"Store","Jakarta",1,2015
90003235,2015-06-01,"Warehouse","Jakarta",1,2015
90003235,2015-06-01,"Warehouse","Jakarta",1,2015
90003236,2015-06-01,"Marketing & Sales","Jakarta",1,2015
90003237,2015-06-15,"Marketing & Sales","Jakarta",1,2015
90003238,2015-06-22,"Manufacturing","Jakarta",1,2015
90003239,2015-06-22,"Manufacturing","Jakarta",1,2015
90003240,2015-07-01,"Plant Reliability","Jakarta",1,2015
90003241,2015-07-01,"Line 14 Shift B","Jakarta",1,2015
90003241,2015-07-01,"Line 14 Shift B","Jakarta",1,2015
90003242,2015-08-01,"PT Kangar Consolidated Industries","Jakarta",1,2015
90003243,2015-09-14,"Unit Plant 2","Jakarta",1,2015
90003244,2015-10-01,"Line 14 Shift A","Jakarta",1,2015
90003244,2015-10-01,"Line 14 Shift A","Jakarta",1,2015
90003245,2015-10-01,"Line 14 Shift C","Jakarta",1,2015
90003245,2015-10-01,"Line 14 Shift C","Jakarta",1,2015
90003246,2015-10-01,"Line 22 Shift C","Jakarta",1,2015
90003246,2015-10-01,"Line 22 Shift C","Jakarta",1,2015
90003247,2015-10-01,"Line 24 Shift D","Jakarta",1,2015
90003247,2015-10-01,"Line 24 Shift D","Jakarta",1,2015
90003248,2015-11-01,"Manufacturing","Jakarta",1,2015
90003249,2015-11-01,"Manufacturing","Jakarta",1,2015
90003250,2015-11-01,"Inspection Packaging","Jakarta",1,2015
90003251,2015-11-01,"Line 12 Shift A","Jakarta",1,2015
90003252,2015-11-01,"Line 22 Shift B","Jakarta",1,2015
90003253,2015-11-01,"Line 22 Shift C","Jakarta",1,2015
90003254,2015-12-14,"Line 12 Shift B","Jakarta",1,2015
90003254,2015-12-14,"Line 12 Shift B","Jakarta",1,2015
90003255,2016-01-01,"Finance","Jakarta",1,2016
90003256,2016-01-11,"Finance","Jakarta",1,2016
90003257,2016-01-11,"Distribution","Jakarta",1,2016
90003257,2016-01-11,"Warehouse & Logistics","Jakarta",1,2016
90003258,2016-02-01,"Line 22 Shift B","Jakarta",1,2016
90003259,2016-02-01,"Job Change","Jakarta",1,2016
90003260,2016-02-01,"Electrical","Jakarta",1,2016
90003261,2016-02-01,"Quality Service","Jakarta",1,2016
90003261,2016-02-01,"Quality Service","Jakarta",1,2016
90003262,2016-03-01,"Plant Reliability","Jakarta",1,2016
90003263,2016-03-01,"Line 22 Shift B","Jakarta",1,2016
90003263,2016-03-01,"Line 22 Shift B","Jakarta",1,2016
90003264,2016-03-01,"Line 21 Shift D","Jakarta",1,2016
90003264,2016-03-01,"Line 21 Shift D","Jakarta",1,2016
90003265,2016-03-01,"Electrical","Jakarta",1,2016
90003265,2016-03-01,"Electrical","Jakarta",1,2016
90003266,2016-03-01,"Mechanical Engineering","Jakarta",1,2016
90003267,2016-03-01,"Mechanical Engineering","Jakarta",1,2016
90003268,2016-03-01,"Quality Service","Jakarta",1,2016
90003268,2016-03-01,"Quality Service","Jakarta",1,2016
90003269,2016-05-01,"Marketing & Sales","Jakarta",1,2016
90003270,2016-05-23,"Human Resources","Jakarta",1,2016
90003271,2016-07-01,"Manufacturing Process Capability Program","Jakarta",1,2016
90003272,2016-07-18,"Electrical","Jakarta",1,2016
90003273,2016-07-18,"Job Change","Jakarta",1,2016
90003274,2016-07-18,"Quality Service","Jakarta",1,2016
90003274,2016-07-18,"Quality Service","Jakarta",1,2016
90003275,2016-09-15,"Distribution","Jakarta",1,2016
90003275,2016-09-15,"Warehouse","Jakarta",1,2016
90003275,2016-09-15,"Warehouse & Logistics","Jakarta",1,2016
90003276,2016-10-01,"Human Resources","Jakarta",1,2016
90003277,2016-10-10,"Inspection Packaging","Jakarta",1,2016
90003277,2016-10-10,"Inspection Packaging","Jakarta",1,2016
90003278,2016-10-10,"Inspection Packaging","Jakarta",1,2016
90003278,2016-10-10,"Inspection Packaging","Jakarta",1,2016
90003279,2016-10-10,"Inspection Packaging","Jakarta",1,2016
90003279,2016-10-10,"Inspection Packaging","Jakarta",1,2016
90003280,2016-10-10,"Inspection Packaging","Jakarta",1,2016
90003280,2016-10-10,"Inspection Packaging","Jakarta",1,2016
90003280,2016-10-10,"Inspection Packaging","Jakarta",1,2016
90003280,2016-10-10,"Inspection Packaging","Jakarta",1,2016
90003280,2016-10-10,"Inspection Packaging","Jakarta",1,2016
90003281,2016-10-10,"Inspection Packaging","Jakarta",1,2016
90003281,2016-10-10,"Inspection Packaging","Jakarta",1,2016
90003282,2016-10-11,"Inspection Packaging","Jakarta",1,2016
90003282,2016-10-11,"Inspection Packaging","Jakarta",1,2016
90003283,2016-10-17,"Marketing & Sales","Jakarta",1,2016
90003286,2016-11-01,"Quality Service","Jakarta",1,2016
90003287,2016-11-01,"Line 11 Shift D","Jakarta",1,2016
90003287,2016-11-01,"Line 11 Shift D","Jakarta",1,2016
90003288,2016-11-01,"Line 14 Shift B","Jakarta",1,2016
90003289,2016-11-01,"Line 14 Shift D","Jakarta",1,2016
90003289,2016-11-01,"Line 14 Shift D","Jakarta",1,2016
90003290,2016-11-01,"Mould Shop","Jakarta",1,2016
90003291,2016-11-01,"Mould Shop","Jakarta",1,2016
90003292,2016-11-01,"Job Change","Jakarta",1,2016
90003293,2016-11-01,"Job Change","Jakarta",1,2016
90003294,2016-11-01,"Job Change","Jakarta",1,2016
90003295,2016-11-01,"Job Change","Jakarta",1,2016
90003296,2016-11-01,"Batch & Furnace","Jakarta",1,2016
90003296,2016-11-01,"Batch & Furnace","Jakarta",1,2016
90003297,2016-11-01,"Electrical","Jakarta",1,2016
90003297,2016-11-01,"Electrical","Jakarta",1,2016
90003297,2016-11-01,"Forming Engineering","Jakarta",1,2016
90003298,2016-11-01,"Electrical","Jakarta",1,2016
90003299,2016-11-01,"Quality Service","Jakarta",1,2016
90003299,2016-11-01,"Quality Service","Jakarta",1,2016
90003301,2016-11-15,"Inspection Packaging","Jakarta",1,2016
90003302,2016-11-15,"Inspection Packaging","Jakarta",1,2016
90003303,2016-11-15,"Inspection Packaging","Jakarta",1,2016
90003304,2016-11-15,"Finance","Jakarta",1,2016
90003305,2016-12-01,"Inspection Packaging","Jakarta",1,2016
90003306,2016-12-01,"Inspection Packaging","Jakarta",1,2016
90003307,2016-12-01,"Inspection Packaging","Jakarta",1,2016
90003308,2017-01-01,"Procurement","Jakarta",1,2017
90003309,2017-02-01,"Warehouse","Jakarta",1,2017
90003311,2017-02-09,"Inspection Packaging","Jakarta",1,2017
90003312,2017-02-09,"Inspection Packaging","Jakarta",1,2017
90003313,2017-03-06,"Line 22 Shift A","Jakarta",1,2017
90003313,2017-03-06,"Line 22 Shift A","Jakarta",1,2017
90003313,2017-03-06,"Line 22 Shift A","Jakarta",1,2017
90003314,2017-03-06,"Line 22 Shift B","Jakarta",1,2017
90003314,2017-03-06,"Line 22 Shift B","Jakarta",1,2017
90003315,2017-03-06,"Line 22 Shift D","Jakarta",1,2017
90003315,2017-03-06,"Line 22 Shift D","Jakarta",1,2017
90003315,2017-03-06,"Line 22 Shift D","Jakarta",1,2017
90003316,2017-03-06,"Line 22 Shift B","Jakarta",1,2017
90003316,2017-03-06,"Line 22 Shift B","Jakarta",1,2017
90003317,2017-03-06,"Batch & Furnace","Jakarta",1,2017
90003317,2017-03-06,"Batch & Furnace","Jakarta",1,2017
90003318,2017-03-06,"Inspection Packaging","Jakarta",1,2017
90003319,2017-03-20,"Line 22 Shift C","Jakarta",1,2017
90003320,2017-03-20,"Line 11 Shift B","Jakarta",1,2017
90003321,2017-03-20,"Batch & Furnace","Jakarta",1,2017
90003322,2017-03-20,"PT Kangar Consolidated Industries","Jakarta",1,2017
90003323,2017-04-05,"Procurement","Jakarta",1,2017
90003324,2017-05-01,"Marketing & Sales","Jakarta",1,2017
90003324,2017-05-01,"Planning","Jakarta",1,2017
90003325,2017-05-01,"Electrical","Jakarta",1,2017
90003326,2017-05-01,"Electrical","Jakarta",1,2017
90003326,2017-05-01,"Forming Engineering","Jakarta",1,2017
90003327,2017-05-01,"Mould Shop","Jakarta",1,2017
90003328,2017-05-01,"Batch & Furnace","Jakarta",1,2017
90003328,2017-05-01,"Batch & Furnace","Jakarta",1,2017
90003329,2017-05-12,"Manufacturing","Jakarta",1,2017
90003330,2017-05-15,"Supply Chain","Jakarta",1,2017
90003331,2017-06-15,"Mechanical Engineering","Jakarta",1,2017
90003331,2017-06-15,"Mechanical Engineering","Jakarta",1,2017
90003332,2017-07-01,"Finance","Jakarta",1,2017
90003333,2017-07-01,"Electrical","Jakarta",1,2017
90003334,2017-07-01,"Electrical","Jakarta",1,2017
90003334,2017-07-01,"Electrical","Jakarta",1,2017
90003335,2017-07-01,"Forming Engineering","Jakarta",1,2017
90003335,2017-07-01,"Forming Engineering","Jakarta",1,2017
90003336,2017-07-01,"Line 22 Shift A","Jakarta",1,2017
90003336,2017-07-01,"Line 22 Shift A","Jakarta",1,2017
90003337,2017-07-17,"Human Resources","Jakarta",1,2017
90003338,2017-07-24,"Procurement","Jakarta",1,2017
90003339,2017-09-05,"Warehouse","Jakarta",1,2017
90003340,2017-09-05,"Electrical","Jakarta",1,2017
90003341,2017-09-05,"Electrical","Jakarta",1,2017
90003342,2017-09-05,"Mechanical Engineering","Jakarta",1,2017
90003342,2017-09-05,"Mechanical Engineering","Jakarta",1,2017
90003342,2017-09-05,"Mechanical Engineering","Jakarta",1,2017
90003343,2017-10-16,"Logistic & PPIC","Jakarta",1,2017
90003344,2017-11-06,"Procurement","Jakarta",1,2017
90003345,2017-12-01,"Inspection Packaging","Jakarta",1,2017
90003346,2017-12-01,"Warehouse","Jakarta",1,2017
90003347,2017-12-01,"Batch & Furnace","Jakarta",1,2017
90003347,2017-12-01,"Batch & Furnace","Jakarta",1,2017
90003348,2017-12-01,"Line 22 Shift B","Jakarta",1,2017
90003349,2017-12-01,"Line 22 Shift A","Jakarta",1,2017
90003349,2017-12-01,"Line 22 Shift A","Jakarta",1,2017
90003350,2017-12-12,"Line 11 Shift B","Jakarta",1,2017
90003350,2017-12-12,"Line 11 Shift B","Jakarta",1,2017
90003351,2017-12-12,"Line 22 Shift D","Jakarta",1,2017
90003351,2017-12-12,"Line 22 Shift D","Jakarta",1,2017
90003352,2018-01-01,"Finance","Jakarta",1,2018
90003353,2018-01-01,"Planning","Jakarta",1,2018
90003354,2018-01-08,"Finance","Jakarta",1,2018
90003355,2018-01-01,"Line 22 Shift C","Jakarta",1,2018
90003355,2018-01-01,"Line 22 Shift C","Jakarta",1,2018
90003356,2018-01-01,"Mould Shop","Jakarta",1,2018
90003357,2018-01-03,"Inspection Packaging","Jakarta",1,2018
90003358,2018-01-08,"Electrical","Jakarta",1,2018
90003359,2018-01-09,"Electrical","Jakarta",1,2018
90003360,2018-01-15,"Inspection Packaging","Jakarta",1,2018
90003361,2018-01-15,"Finance","Jakarta",1,2018
90003362,2018-01-11,"Marketing & Sales","Jakarta",1,2018
90003363,2018-01-15,"Planning","Jakarta",1,2018
90003364,2018-01-18,"Quality Service","Jakarta",1,2018
90003365,2018-02-01,"Procurement","Jakarta",1,2018
90003366,2018-03-01,"Quality Service","Jakarta",1,2018
90003367,2018-03-01,"Batch & Furnace","Jakarta",1,2018
90003368,2018-04-01,"Line 12 Shift B","Jakarta",1,2018
90003368,2018-04-01,"Line 12 Shift B","Jakarta",1,2018
90003369,2018-05-01,"Warehouse & Logistics","Jakarta",1,2018
90003370,2018-05-01,"Finance","Jakarta",1,2018
90003371,2018-05-07,"PT Kangar Consolidated Industries","Jakarta",1,2018
90003372,2018-05-07,"Manufacturing","Jakarta",1,2018
90003372,2018-05-07,"Manufacturing","Jakarta",1,2018
90003373,2018-05-07,"Manufacturing","Jakarta",1,2018
90003373,2018-05-07,"Manufacturing","Jakarta",1,2018
90003374,2018-05-01,"Batch & Furnace","Jakarta",1,2018
90003374,2018-05-01,"Batch & Furnace","Jakarta",1,2018
90003375,2018-05-01,"Electrical","Jakarta",1,2018
90003376,2018-05-01,"Inspection Packaging","Jakarta",1,2018
90003377,2018-05-14,"Marketing & Sales","Jakarta",1,2018
90003378,2018-05-16,"Procurement","Jakarta",1,2018
90003379,2018-05-21,"PT Kangar Consolidated Industries","Jakarta",1,2018
90003380,2018-06-04,"Planning","Jakarta",1,2018
90003381,2018-06-04,"Line 21 Shift C","Jakarta",1,2018
90003381,2018-06-04,"Line 21 Shift C","Jakarta",1,2018
90003382,2018-06-04,"Inspection Packaging","Jakarta",1,2018
90003382,2018-06-04,"Inspection Packaging","Jakarta",1,2018
90003383,2018-07-12,"Finance","Jakarta",1,2018
90003384,2018-08-01,"Manufacturing","Jakarta",1,2018
90003384,2018-08-01,"Manufacturing","Jakarta",1,2018
90003385,2018-08-01,"Manufacturing","Jakarta",1,2018
90003386,2018-08-01,"Manufacturing","Jakarta",1,2018
90003387,2018-08-08,"Line 22 Shift C","Jakarta",1,2018
90003388,2018-08-08,"Line 22 Shift D","Jakarta",1,2018
90003389,2018-08-20,"Line 24 Shift D","Jakarta",1,2018
90003389,2018-08-20,"Line 24 Shift D","Jakarta",1,2018
90003390,2018-08-20,"Line 11 Shift C","Jakarta",1,2018
90003391,2018-09-01,"Mould Shop","Jakarta",1,2018
90003392,2018-10-01,"Manufacturing","Jakarta",1,2018
90003393,2018-10-01,"Line 22 Shift D","Jakarta",1,2018
90003393,2018-10-01,"Line 22 Shift D","Jakarta",1,2018
90003394,2018-11-05,"Finance","Jakarta",1,2018
90003395,2018-11-05,"Batch & Furnace","Jakarta",1,2018
90003395,2018-11-05,"Batch & Furnace","Jakarta",1,2018
90003396,2018-11-05,"Mechanical Engineering","Jakarta",1,2018
90003397,2018-11-12,"Quality Service","Jakarta",1,2018
90003397,2018-11-12,"Quality Service","Jakarta",1,2018
90003398,2019-01-01,"Finance","Jakarta",1,2019
90003399,2019-01-07,"PT Kangar Consolidated Industries","Jakarta",1,2019
90003400,2019-01-01,"Line 12 Shift C","Jakarta",1,2019
90003400,2019-01-01,"Line 12 Shift C","Jakarta",1,2019
90003401,2019-01-01,"Line 24 Shift A","Jakarta",1,2019
90003402,2019-01-01,"Line 24 Shift C","Jakarta",1,2019
90003403,2019-01-01,"Mould Shop","Jakarta",1,2019
90003404,2019-01-01,"Batch & Furnace","Jakarta",1,2019
90003404,2019-01-01,"Batch & Furnace","Jakarta",1,2019
90003405,2019-02-01,"Mechanical Engineering","Jakarta",1,2019
90003406,2019-02-04,"Human Resources","Jakarta",1,2019
90003407,2019-02-11,"Manufacturing","Jakarta",1,2019
90003408,2019-03-01,"Procurement","Jakarta",1,2019
90003409,2019-03-01,"Finance","Jakarta",1,2019
90003410,2019-03-01,"Line 22 Shift D","Jakarta",1,2019
90003410,2019-03-01,"Line 22 Shift D","Jakarta",1,2019
90003411,2019-03-01,"Mechanical Engineering","Jakarta",1,2019
90003412,2019-03-01,"Quality Service","Jakarta",1,2019
90003412,2019-03-01,"Quality Service","Jakarta",1,2019
90003413,2019-03-28,"Finance","Jakarta",1,2019
90003414,2019-04-22,"Line 11 Shift A","Jakarta",1,2019
90003414,2019-04-22,"Line 11 Shift A","Jakarta",1,2019
90003415,2019-04-22,"Line 12 Shift C","Jakarta",1,2019
90003415,2019-04-22,"Line 12 Shift C","Jakarta",1,2019
90003416,2019-04-22,"Line 11 Shift D","Jakarta",1,2019
90003416,2019-04-22,"Line 11 Shift D","Jakarta",1,2019
90003417,2019-04-22,"Mechanical Engineering","Jakarta",1,2019
90003418,2019-06-10,"Manufacturing","Jakarta",1,2019
90003419,2019-06-10,"Mechanical Engineering","Jakarta",1,2019
90003420,2019-06-10,"Inspection Packaging","Jakarta",1,2019
90003421,2019-06-10,"Machine Maintenance","Jakarta",1,2019
90003422,2019-06-17,"Line 21 Shift B","Jakarta",1,2019
90003423,2019-06-17,"Line 24 Shift D","Jakarta",1,2019
90003424,2019-06-17,"Inspection Packaging","Jakarta",1,2019
90003425,2019-06-17,"Mechanical Engineering","Jakarta",1,2019
90003426,2019-06-17,"Mechanical Engineering","Jakarta",1,2019
